Date,Elastic
2008-01-03,-0.0042
2008-01-04,-0.0415
2008-01-07,-0.0026
2008-01-08,-0.0261
2008-01-09,0.0118
2008-01-10,0.0024
2008-01-11,-0.0335
2008-01-14,0.025
2008-01-15,-0.0273
2008-01-16,-0.01
2008-01-17,-0.0081
2008-01-18,0.0011
2008-01-22,-0.0187
2008-01-23,-0.0106
2008-01-24,0.0218
2008-01-25,-0.0254
2008-01-28,0.004
2008-01-29,-0.0097
2008-01-30,0.0026
2008-01-31,0.0174
2008-02-04,-0.0045
2008-02-05,-0.0276
2008-02-06,-0.0175
2008-02-07,0.0045
2008-02-08,0.0042
2008-02-11,0.0132
2008-02-12,-0.0085
2008-02-13,0.0234
2008-02-14,-0.013
2008-02-15,-0.0021
2008-02-19,-0.0053
2008-02-20,0.0117
2008-02-21,-0.0167
2008-02-22,0.0099
2008-02-25,0.0029
2008-02-26,0.0033
2008-02-27,0.0038
2008-02-28,0.0022
2008-02-29,-0.0201
2008-03-04,0.0043
2008-03-05,0.0029
2008-03-06,-0.0216
2008-03-07,-0.0033
2008-03-10,-0.0177
2008-03-11,0.0259
2008-03-12,0.0066
2008-03-13,0.0107
2008-03-14,-0.0201
2008-03-17,-0.0238
2008-03-18,0.0253
2008-03-19,-0.0289
2008-03-20,0.0207
2008-03-24,0.0262
2008-03-25,0.0055
2008-03-26,-0.0027
2008-03-27,-0.0068
2008-03-28,0.0008
2008-03-31,0.0061
2008-04-02,-0.0026
2008-04-03,0.0019
2008-04-04,0.0048
2008-04-07,-0.0029
2008-04-08,-0.0031
2008-04-09,-0.0089
2008-04-10,0.0129
2008-04-11,-0.0147
2008-04-14,-0.0016
2008-04-15,0.0074
2008-04-16,0.0235
2008-04-17,-0.005
2008-04-18,0.0202
2008-04-21,0.0059
2008-04-22,-0.0129
2008-04-23,0.0062
2008-04-24,0.0003
2008-04-25,0.0111
2008-04-28,0.0015
2008-04-29,-0.0003
2008-04-30,-0.0045
2008-05-02,-0.0049
2008-05-05,0.0042
2008-05-06,0.001
2008-05-07,-0.0178
2008-05-08,0.0028
2008-05-09,0.0127
2008-05-12,0.0137
2008-05-13,0.0047
2008-05-14,-0.0031
2008-05-15,0.0136
2008-05-16,-0.0016
2008-05-19,0.0052
2008-05-20,-0.0056
2008-05-21,-0.0206
2008-05-22,0.0068
2008-05-23,-0.0046
2008-05-27,0.0209
2008-05-28,0.0003
2008-05-29,0.008
2008-05-30,0.0002
2008-06-03,-0.0006
2008-06-04,0.0155
2008-06-05,0.014
2008-06-06,-0.0325
2008-06-09,-0.0034
2008-06-10,-0.0045
2008-06-11,-0.0271
2008-06-12,0.0018
2008-06-13,0.0242
2008-06-16,0.0063
2008-06-17,-0.0058
2008-06-18,-0.0092
2008-06-19,0.0247
2008-06-20,-0.0287
2008-06-23,-0.0044
2008-06-24,-0.0098
2008-06-25,0.0133
2008-06-26,-0.0426
2008-06-27,-0.0042
2008-06-30,-0.0092
2008-07-02,-0.015
2008-07-03,-0.0007
2008-07-07,0.0005
2008-07-08,0.0344
2008-07-09,-0.0177
2008-07-10,0.007
2008-07-11,-0.0165
2008-07-14,-0.0061
2008-07-15,0.0069
2008-07-16,0.0119
2008-07-17,-0.0033
2008-07-18,-0.0108
2008-07-21,0.0012
2008-07-22,0.0182
2008-07-23,-0.0095
2008-07-24,0.0061
2008-07-25,0.0042
2008-07-28,-0.0147
2008-07-29,0.0163
2008-07-30,0.0081
2008-07-31,-0.0016
2008-08-04,-0.009
2008-08-05,0.032
2008-08-06,0.0126
2008-08-07,-0.0212
2008-08-08,0.0207
2008-08-11,0.0056
2008-08-12,0.0073
2008-08-13,-0.0006
2008-08-14,0.0074
2008-08-15,-0.0024
2008-08-18,-0.0139
2008-08-19,-0.0105
2008-08-20,0.0045
2008-08-21,-0.002
2008-08-22,0.0119
2008-08-25,-0.018
2008-08-26,-0.0024
2008-08-27,0.0048
2008-08-28,0.0053
2008-08-29,-0.0193
2008-09-03,-0.0149
2008-09-04,-0.0308
2008-09-05,0.0051
2008-09-08,0.0046
2008-09-09,-0.0266
2008-09-10,0.0052
2008-09-11,0.0092
2008-09-12,-0.0053
2008-09-15,-0.028
2008-09-16,0.0018
2008-09-17,-0.0518
2008-09-18,0.0397
2008-09-19,0.0069
2008-09-22,-0.04
2008-09-23,-0.0065
2008-09-24,0.0044
2008-09-25,0.0188
2008-09-26,0.0083
2008-09-29,-0.0905
2008-09-30,0.0678
2008-10-02,-0.0283
2008-10-03,0.0018
2008-10-06,-0.0456
2008-10-07,-0.0474
2008-10-08,0.0009
2008-10-09,-0.0391
2008-10-10,-0.0158
2008-10-13,0.1098
2008-10-14,-0.0323
2008-10-15,-0.0855
2008-10-16,0.0745
2008-10-17,0.0021
2008-10-20,0.0368
2008-10-21,-0.0327
2008-10-22,-0.0285
2008-10-23,0.0047
2008-10-24,-0.024
2008-10-27,-0.0315
2008-10-28,0.1009
2008-10-29,-0.0108
2008-10-30,0.0324
2008-10-31,-0.004
2008-11-04,0.0233
2008-11-05,-0.0514
2008-11-06,-0.0379
2008-11-07,0.0371
2008-11-10,-0.0013
2008-11-11,-0.0175
2008-11-12,-0.0462
2008-11-13,0.0722
2008-11-14,-0.0477
2008-11-17,-0.0272
2008-11-18,0.0081
2008-11-19,-0.0522
2008-11-20,-0.0367
2008-11-21,0.062
2008-11-24,0.0471
2008-11-25,-0.0109
2008-11-26,0.0299
2008-11-28,-0.0008
2008-12-02,0.0167
2008-12-03,0.027
2008-12-04,-0.0265
2008-12-05,0.0392
2008-12-08,0.0187
2008-12-09,-0.0159
2008-12-10,0.0106
2008-12-11,-0.0283
2008-12-12,0.0137
2008-12-15,-0.0085
2008-12-16,0.0421
2008-12-17,-0.0094
2008-12-18,-0.012
2008-12-19,0.0144
2008-12-22,-0.0112
2008-12-23,-0.0098
2008-12-24,0.0017
2008-12-26,-0.001
2008-12-29,-0.0052
2008-12-30,0.0256
2008-12-31,0.0095
2009-01-05,-0.0123
2009-01-06,0.0073
2009-01-07,-0.0278
2009-01-08,0.0129
2009-01-09,-0.0233
2009-01-12,-0.022
2009-01-13,0.0073
2009-01-14,-0.0338
2009-01-15,0.0289
2009-01-16,0.0223
2009-01-20,-0.0562
2009-01-21,0.0372
2009-01-22,-0.0119
2009-01-23,-0.0035
2009-01-26,0.0086
2009-01-27,0.0004
2009-01-28,0.0427
2009-01-29,-0.0078
2009-01-30,-0.0013
2009-02-03,0.0212
2009-02-04,-0.0091
2009-02-05,0.0113
2009-02-06,0.0299
2009-02-09,0.0078
2009-02-10,-0.0403
2009-02-11,0.0054
2009-02-12,0.0171
2009-02-13,-0.0051
2009-02-17,-0.0225
2009-02-18,-0.0009
2009-02-19,-0.0193
2009-02-20,0.0012
2009-02-23,-0.0335
2009-02-24,0.0377
2009-02-25,-0.004
2009-02-26,-0.0256
2009-02-27,0.0055
2009-03-03,0.0074
2009-03-04,0.037
2009-03-05,-0.013
2009-03-06,-0.0108
2009-03-09,-0.0212
2009-03-10,0.0482
2009-03-11,0.0076
2009-03-12,0.0207
2009-03-13,0.0056
2009-03-16,-0.0227
2009-03-17,0.0421
2009-03-18,0.0076
2009-03-19,-0.0042
2009-03-20,-0.0076
2009-03-23,0.051
2009-03-24,-0.0119
2009-03-25,0.0012
2009-03-26,0.0274
2009-03-27,-0.0211
2009-03-30,-0.0233
2009-03-31,0.0159
2009-04-02,0.0111
2009-04-03,0.0145
2009-04-06,0.0035
2009-04-07,-0.0196
2009-04-08,0.0137
2009-04-09,0.0113
2009-04-13,-0.0027
2009-04-14,-0.0112
2009-04-15,-0.0056
2009-04-16,0.01
2009-04-17,-0.0046
2009-04-20,-0.0242
2009-04-21,0.0162
2009-04-22,-0.0046
2009-04-23,0.0058
2009-04-24,0.0169
2009-04-27,-0.0013
2009-04-28,0.005
2009-04-29,0.0105
2009-04-30,-0.0102
2009-05-04,0.0084
2009-05-05,-0.0025
2009-05-06,-0.0044
2009-05-07,-0.0175
2009-05-08,-0.0055
2009-05-11,0.0111
2009-05-12,-0.0069
2009-05-13,-0.0189
2009-05-14,0.0093
2009-05-15,-0.0048
2009-05-18,0.0156
2009-05-19,0.0087
2009-05-20,-0.0004
2009-05-21,-0.0149
2009-05-22,0.0028
2009-05-26,0.0247
2009-05-27,-0.0127
2009-05-28,0.0106
2009-05-29,0.0102
2009-06-02,0.0062
2009-06-03,-0.0016
2009-06-04,0.0073
2009-06-05,0.0009
2009-06-08,-0.0044
2009-06-09,0.0036
2009-06-10,-0.0085
2009-06-11,0.0016
2009-06-12,0.0021
2009-06-15,-0.0205
2009-06-16,-0.0018
2009-06-17,0.0106
2009-06-18,0.0013
2009-06-19,-0.0005
2009-06-22,-0.0271
2009-06-23,-0.0042
2009-06-24,0.0135
2009-06-25,0.0111
2009-06-26,0.0051
2009-06-29,0.0014
2009-06-30,-0.0064
2009-07-02,-0.0171
2009-07-06,-0.0015
2009-07-07,-0.0166
2009-07-08,0.0177
2009-07-09,-0.0049
2009-07-10,0.0007
2009-07-13,0.0177
2009-07-14,0.0048
2009-07-15,0.0249
2009-07-16,0.0072
2009-07-17,0.001
2009-07-20,0.0076
2009-07-21,0.0055
2009-07-22,-0.0027
2009-07-23,0.0146
2009-07-24,0.0021
2009-07-27,-0.0052
2009-07-28,0.0153
2009-07-29,0.003
2009-07-30,0.003
2009-07-31,-0.001
2009-08-04,-0.0041
2009-08-05,-0.0097
2009-08-06,-0.0021
2009-08-07,0.0068
2009-08-10,-0.0055
2009-08-11,-0.0117
2009-08-12,0.0136
2009-08-13,0.0103
2009-08-14,-0.0163
2009-08-17,-0.027
2009-08-18,0.0095
2009-08-19,0.0086
2009-08-20,0.0143
2009-08-21,0.0121
2009-08-24,-0.0016
2009-08-25,0.0025
2009-08-26,-0.0043
2009-08-27,-0.002
2009-08-28,0.0041
2009-08-31,-0.0108
2009-09-02,0.0001
2009-09-03,0.0072
2009-09-04,0.0197
2009-09-08,0.0096
2009-09-09,0.0101
2009-09-10,0.0143
2009-09-11,-0.0024
2009-09-14,0.0075
2009-09-15,0.0074
2009-09-16,0.0191
2009-09-17,0.0022
2009-09-18,-0.0022
2009-09-21,-0.0013
2009-09-22,0.0043
2009-09-23,-0.0027
2009-09-24,-0.0099
2009-09-25,-0.0098
2009-09-28,0.0155
2009-09-29,-0.0021
2009-09-30,0.0001
2009-10-02,0.0021
2009-10-05,0.0084
2009-10-06,0.0229
2009-10-07,0.0161
2009-10-08,0.0014
2009-10-09,0.0029
2009-10-12,0.0012
2009-10-13,0.0011
2009-10-14,0.0136
2009-10-15,-0.0089
2009-10-16,-0.0018
2009-10-19,0.0119
2009-10-20,0.0055
2009-10-21,0.0008
2009-10-22,0.0077
2009-10-23,0.0186
2009-10-26,-0.0017
2009-10-27,-0.0241
2009-10-28,-0.0075
2009-10-29,0.0158
2009-10-30,-0.0264
2009-11-03,0.0019
2009-11-04,0.0081
2009-11-05,0.0231
2009-11-06,0.0043
2009-11-09,0.0238
2009-11-10,0.0004
2009-11-11,0.0047
2009-11-12,-0.0039
2009-11-13,0.0122
2009-11-16,0.0064
2009-11-17,0.0057
2009-11-18,-0.0025
2009-11-19,-0.0095
2009-11-20,-0.003
2009-11-23,0.0184
2009-11-24,-0.0027
2009-11-25,0.0049
2009-11-27,-0.0176
2009-11-30,0.0022
2009-12-02,0.0034
2009-12-03,-0.0069
2009-12-04,0.0041
2009-12-07,-0.0072
2009-12-08,-0.0052
2009-12-09,0.0097
2009-12-10,0.0074
2009-12-11,-0.0014
2009-12-14,0.0062
2009-12-15,-0.0033
2009-12-16,0.0085
2009-12-17,-0.0104
2009-12-18,0.01
2009-12-21,0.0026
2009-12-22,0.0065
2009-12-23,0.0161
2009-12-24,0.0084
2009-12-28,0.0041
2009-12-29,-0.0051
2009-12-30,-0.0006
2009-12-31,-0.0096
2010-01-05,-0.0031
2010-01-06,-0.0036
2010-01-07,-0.0088
2010-01-08,0.0058
2010-01-11,0.0015
2010-01-12,-0.0075
2010-01-13,0.0131
2010-01-14,0.0041
2010-01-15,-0.015
2010-01-19,0.0165
2010-01-20,-0.0144
2010-01-21,-0.009
2010-01-22,-0.0313
2010-01-25,0.0042
2010-01-26,0.0009
2010-01-27,0.0096
2010-01-28,-0.0176
2010-01-29,-0.0165
2010-02-02,0.0044
2010-02-03,0.0075
2010-02-04,-0.0305
2010-02-05,0.0098
2010-02-08,-0.0075
2010-02-09,0.0083
2010-02-10,0.0068
2010-02-11,0.0138
2010-02-12,-0.0055
2010-02-16,0.0138
2010-02-17,0.0078
2010-02-18,0.0117
2010-02-19,0.0025
2010-02-22,-0.0003
2010-02-23,-0.0122
2010-02-24,0.0159
2010-02-25,0.0178
2010-02-26,0.007
2010-03-02,-0.0008
2010-03-03,-0.0027
2010-03-04,0.0051
2010-03-05,0.0153
2010-03-08,0.0035
2010-03-09,0.008
2010-03-10,0.0088
2010-03-11,0.009
2010-03-12,-0.0009
2010-03-15,0.0043
2010-03-16,0.0102
2010-03-17,0.0055
2010-03-18,0.0033
2010-03-19,-0.0088
2010-03-22,0.0088
2010-03-23,0.0063
2010-03-24,-0.0008
2010-03-25,-0.0021
2010-03-26,-0.0006
2010-03-29,0.0018
2010-03-30,0.0005
2010-03-31,-0.0087
2010-04-05,0.0079
2010-04-06,0.0022
2010-04-07,-0.0075
2010-04-08,0.0049
2010-04-09,0.0036
2010-04-12,0.0034
2010-04-13,0.006
2010-04-14,0.007
2010-04-15,0.0048
2010-04-16,-0.019
2010-04-19,-0.0041
2010-04-20,0.0071
2010-04-21,0.0082
2010-04-22,0.0127
2010-04-23,0.0014
2010-04-26,-0.0018
2010-04-27,-0.027
2010-04-28,0.0002
2010-04-29,0.0186
2010-04-30,-0.0225
2010-05-04,-0.0334
2010-05-05,-0.0024
2010-05-06,-0.0323
2010-05-07,-0.021
2010-05-10,0.0457
2010-05-11,-0.0031
2010-05-12,0.023
2010-05-13,-0.0163
2010-05-14,-0.0187
2010-05-17,0.0022
2010-05-18,-0.0136
2010-05-19,-0.0107
2010-05-20,-0.0384
2010-05-21,0.0093
2010-05-24,-0.0051
2010-05-25,-0.0006
2010-05-26,-0.0151
2010-05-27,0.0387
2010-05-28,-0.0054
2010-06-02,0.0201
2010-06-03,0.004
2010-06-04,-0.0309
2010-06-07,-0.0202
2010-06-08,-0.0019
2010-06-09,-0.0079
2010-06-10,0.0311
2010-06-11,0.0073
2010-06-14,0.0053
2010-06-15,0.0221
2010-06-16,0.0017
2010-06-17,0.0026
2010-06-18,0.003
2010-06-21,-0.007
2010-06-22,-0.0074
2010-06-23,-0.0052
2010-06-24,-0.0156
2010-06-25,0.0034
2010-06-28,0.0002
2010-06-29,-0.0399
2010-06-30,-0.0086
2010-07-02,-0.0069
2010-07-06,0.004
2010-07-07,0.034
2010-07-08,0.0097
2010-07-09,0.0077
2010-07-12,0.0025
2010-07-13,0.0127
2010-07-14,0.0009
2010-07-15,0.0046
2010-07-16,-0.0233
2010-07-19,0.0116
2010-07-20,0.0085
2010-07-21,-0.015
2010-07-22,0.0202
2010-07-23,0.0078
2010-07-26,0.0062
2010-07-27,-0.0027
2010-07-28,-0.0124
2010-07-29,-0.0106
2010-07-30,0.0069
2010-08-03,0.0003
2010-08-04,0.0097
2010-08-05,-0.0076
2010-08-06,-0.0014
2010-08-09,0.0065
2010-08-10,-0.0023
2010-08-11,-0.0264
2010-08-12,-0.0217
2010-08-13,-0.0062
2010-08-16,0.0034
2010-08-17,0.0136
2010-08-18,0.0028
2010-08-19,-0.0084
2010-08-20,0.0012
2010-08-23,-0.0086
2010-08-24,-0.0115
2010-08-25,0.0034
2010-08-26,-0.0134
2010-08-27,0.0155
2010-08-30,-0.0176
2010-08-31,-0.0015
2010-09-02,0.0144
2010-09-03,0.0135
2010-09-07,-0.0112
2010-09-08,0.01
2010-09-09,-0.0122
2010-09-10,0.0064
2010-09-13,0.0179
2010-09-14,0.0035
2010-09-15,0.0033
2010-09-16,0.0035
2010-09-17,-0.0005
2010-09-20,0.0191
2010-09-21,-0.0058
2010-09-22,-0.0055
2010-09-23,-0.0007
2010-09-24,0.0249
2010-09-27,-0.0004
2010-09-28,0.0084
2010-09-29,0
2010-09-30,-0.0029
2010-10-04,-0.0127
2010-10-05,0.0301
2010-10-06,-0.0183
2010-10-07,-0.001
2010-10-08,0.0057
2010-10-11,-0.0053
2010-10-12,0.0118
2010-10-13,0.0113
2010-10-14,-0.0025
2010-10-15,0.0145
2010-10-18,0.0027
2010-10-19,-0.0216
2010-10-20,0.0079
2010-10-21,0.0116
2010-10-22,0.0151
2010-10-25,0.0009
2010-10-26,0.0012
2010-10-27,-0.0015
2010-10-28,0.0023
2010-10-29,-0.0054
2010-11-02,0.0093
2010-11-03,0.0004
2010-11-04,0.0154
2010-11-05,0.0003
2010-11-08,-0.0028
2010-11-09,-0.0074
2010-11-10,0.009
2010-11-11,-0.0016
2010-11-12,-0.0183
2010-11-15,0.0016
2010-11-16,-0.0259
2010-11-17,0.003
2010-11-18,0.0236
2010-11-19,0.0006
2010-11-22,0.0061
2010-11-23,-0.0184
2010-11-24,0.0216
2010-11-26,-0.0035
2010-11-29,-0.0078
2010-11-30,-0.0088
2010-12-02,0.0109
2010-12-03,0.0036
2010-12-06,0
2010-12-07,-0.0031
2010-12-08,0.0008
2010-12-09,0.0023
2010-12-10,0.0051
2010-12-13,-0.0046
2010-12-14,0.0027
2010-12-15,-0.0077
2010-12-16,0.0073
2010-12-17,0.0035
2010-12-20,0.0053
2010-12-21,0.0064
2010-12-22,0.0001
2010-12-23,-0.0038
2010-12-27,-0.0015
2010-12-28,-0.0019
2010-12-29,0.0027
2010-12-30,-0.0019
2010-12-31,-0.0066
2011-01-04,-0.0027
2011-01-05,0.011
2011-01-06,0.0056
2011-01-07,-0.0077
2011-01-10,-0.0007
2011-01-11,-0.0008
2011-01-12,0.0051
2011-01-13,-0.0112
2011-01-14,0.0027
2011-01-18,0.0091
2011-01-19,-0.0073
2011-01-20,-0.0046
2011-01-21,-0.0033
2011-01-24,0.0053
2011-01-25,-0.0034
2011-01-26,0.0047
2011-01-27,0.0109
2011-01-28,-0.0274
2011-01-31,0.0063
2011-02-02,-0.006
2011-02-03,0.0003
2011-02-04,0.0018
2011-02-07,0.0057
2011-02-08,0.0136
2011-02-09,-0.0006
2011-02-10,0.0091
2011-02-11,0.0103
2011-02-14,0.0026
2011-02-15,-0.0014
2011-02-16,0.0098
2011-02-17,-0.0016
2011-02-18,0.0031
2011-02-22,-0.0309
2011-02-23,-0.0157
2011-02-24,0.0115
2011-02-25,0.0137
2011-02-28,0.0054
2011-03-02,0.0015
2011-03-03,0.023
2011-03-04,-0.0059
2011-03-07,-0.0081
2011-03-08,0.0033
2011-03-09,-0.004
2011-03-10,-0.0009
2011-03-11,0.0027
2011-03-14,-0.0083
2011-03-15,-0.0114
2011-03-16,-0.0234
2011-03-17,0.0107
2011-03-18,-0.0041
2011-03-21,0.0217
2011-03-22,-0.0046
2011-03-23,0.0135
2011-03-24,0.0237
2011-03-25,0.0024
2011-03-28,-0.0115
2011-03-29,0.0157
2011-03-30,0.0104
2011-03-31,0.0026
2011-04-04,0.0002
2011-04-05,-0.0034
2011-04-06,-0.0074
2011-04-07,0.0043
2011-04-08,-0.0031
2011-04-11,0.0004
2011-04-12,-0.0082
2011-04-13,0.0082
2011-04-14,-0.0001
2011-04-15,0.0003
2011-04-18,-0.0059
2011-04-19,0.0103
2011-04-20,0.0191
2011-04-21,0.0142
2011-04-25,0.0017
2011-04-26,0.0005
2011-04-27,0.0115
2011-04-28,-0.0029
2011-04-29,0.0039
2011-05-03,-0.0104
2011-05-04,-0.0017
2011-05-05,-0.0023
2011-05-06,-0.0001
2011-05-09,0.0048
2011-05-10,0.0077
2011-05-11,-0.0058
2011-05-12,0.0101
2011-05-13,-0.0126
2011-05-16,-0.0153
2011-05-17,0.0041
2011-05-18,0.0077
2011-05-19,0.0055
2011-05-20,-0.0052
2011-05-23,-0.0186
2011-05-24,-0.0105
2011-05-25,0.0003
2011-05-26,0.0032
2011-05-27,0.0024
2011-05-31,0.0157
2011-06-02,0.012
2011-06-03,-0.0172
2011-06-06,-0.0118
2011-06-07,0.0028
2011-06-08,-0.0105
2011-06-09,0.007
2011-06-10,-0.0179
2011-06-13,-0.0055
2011-06-14,0.0138
2011-06-15,-0.0269
2011-06-16,-0.0132
2011-06-17,0.0084
2011-06-20,0.0119
2011-06-21,0.0344
2011-06-22,-0.0099
2011-06-23,0.0124
2011-06-24,-0.014
2011-06-27,0.0173
2011-06-28,0.0128
2011-06-29,0.0134
2011-06-30,0.0137
2011-07-05,0.0092
2011-07-06,-0.0004
2011-07-07,0.0096
2011-07-08,0.0022
2011-07-11,-0.0231
2011-07-12,-0.0171
2011-07-13,0.0029
2011-07-14,-0.0148
2011-07-15,0.009
2011-07-18,-0.0068
2011-07-19,0.0305
2011-07-20,-0.0112
2011-07-21,0.0015
2011-07-22,0.0084
2011-07-25,-0.0025
2011-07-26,0.0062
2011-07-27,-0.0246
2011-07-28,0.0032
2011-07-29,-0.0019
2011-08-02,-0.0301
2011-08-03,0.0114
2011-08-04,-0.0472
2011-08-05,0.0023
2011-08-08,-0.0687
2011-08-09,0.0604
2011-08-10,-0.0427
2011-08-11,0.0359
2011-08-12,0.0131
2011-08-15,0.0121
2011-08-16,-0.0088
2011-08-17,-0.0008
2011-08-18,-0.0601
2011-08-19,-0.0087
2011-08-22,-0.0009
2011-08-23,0.0499
2011-08-24,0.0099
2011-08-25,-0.0159
2011-08-26,0.028
2011-08-29,0.0235
2011-08-30,0.012
2011-08-31,0.0028
2011-09-02,-0.0196
2011-09-06,0.0084
2011-09-07,0.0231
2011-09-08,-0.0017
2011-09-09,-0.0276
2011-09-12,0.0157
2011-09-13,0.0103
2011-09-14,0.0153
2011-09-15,0.0136
2011-09-16,0.0188
2011-09-19,0.0094
2011-09-20,-0.01
2011-09-21,-0.0166
2011-09-22,-0.0367
2011-09-23,0.0038
2011-09-26,0.0092
2011-09-27,0.0042
2011-09-28,-0.0126
2011-09-29,-0.0296
2011-09-30,-0.029
2011-10-04,0.0175
2011-10-05,0.02
2011-10-06,0.0121
2011-10-07,0.0045
2011-10-10,0.0245
2011-10-11,-0.0013
2011-10-12,0.0035
2011-10-13,0.0056
2011-10-14,0.0143
2011-10-17,-0.013
2011-10-18,0.0152
2011-10-19,-0.0038
2011-10-20,-0.0037
2011-10-21,0.0178
2011-10-24,0.0075
2011-10-25,-0.0195
2011-10-26,-0.0019
2011-10-27,0.016
2011-10-28,0.0024
2011-10-31,-0.0153
2011-11-02,0.0066
2011-11-03,0.0146
2011-11-04,-0.0007
2011-11-07,0.0028
2011-11-08,0.0163
2011-11-09,-0.0289
2011-11-10,-0.003
2011-11-11,0.0175
2011-11-14,-0.0044
2011-11-15,0.0145
2011-11-16,-0.0182
2011-11-17,-0.0256
2011-11-18,-0.0129
2011-11-21,-0.0156
2011-11-22,0.0076
2011-11-23,-0.0238
2011-11-25,-0.0071
2011-11-28,0.035
2011-11-29,-0.0038
2011-11-30,0.0392
2011-12-02,-0.0023
2011-12-05,0.0031
2011-12-06,-0.0018
2011-12-07,0.0015
2011-12-08,-0.0165
2011-12-09,0.0069
2011-12-12,-0.0086
2011-12-13,-0.0122
2011-12-14,-0.0127
2011-12-15,-0.0017
2011-12-16,0.006
2011-12-19,-0.0025
2011-12-20,0.0264
2011-12-21,-0.0063
2011-12-22,0.0047
2011-12-23,0.0099
2011-12-27,0.0026
2011-12-28,-0.0074
2011-12-29,0.0064
2011-12-30,-0.0072
2012-01-04,0.0007
2012-01-05,0.0051
2012-01-06,0.0008
2012-01-09,-0.0086
2012-01-10,0.0085
2012-01-11,0.001
2012-01-12,0.0076
2012-01-13,-0.0074
2012-01-17,0.0067
2012-01-18,0.0088
2012-01-19,-0.0018
2012-01-20,0.0022
2012-01-23,-0.0025
2012-01-24,-0.0029
2012-01-25,0.0101
2012-01-26,-0.0036
2012-01-27,0.0011
2012-01-30,0.0026
2012-01-31,-0.0006
2012-02-02,0.0073
2012-02-03,0.0099
2012-02-06,0.0002
2012-02-07,-0.0009
2012-02-08,-0.0004
2012-02-09,0.0064
2012-02-10,0.0011
2012-02-13,0.0061
2012-02-14,0.0046
2012-02-15,-0.0039
2012-02-16,0.0054
2012-02-17,-0.0121
2012-02-21,-0.0052
2012-02-22,0.0013
2012-02-23,0.0055
2012-02-24,0.0002
2012-02-27,0.0016
2012-02-28,0.0089
2012-02-29,-0.0019
2012-03-02,0.0009
2012-03-05,-0.0097
2012-03-06,-0.0083
2012-03-07,0.0092
2012-03-08,0.0145
2012-03-09,0.0059
2012-03-12,-0.0023
2012-03-13,0.0179
2012-03-14,0.0007
2012-03-15,0.0034
2012-03-16,-0.0004
2012-03-19,0.0078
2012-03-20,-0.0054
2012-03-21,0.0023
2012-03-22,0.0059
2012-03-23,0.0012
2012-03-26,0.0188
2012-03-27,0.0016
2012-03-28,-0.0058
2012-03-29,-0.0015
2012-03-30,-0.0015
2012-04-03,-0.0038
2012-04-04,-0.0098
2012-04-05,0.0068
2012-04-09,-0.0116
2012-04-10,-0.0155
2012-04-11,0.0123
2012-04-12,0.0164
2012-04-13,-0.0112
2012-04-16,-0.0107
2012-04-17,0.0082
2012-04-18,-0.003
2012-04-19,-0.0122
2012-04-20,-0.0017
2012-04-23,-0.0095
2012-04-24,-0.004
2012-04-25,0.0151
2012-04-26,0.0164
2012-04-27,0.0025
2012-04-30,-0.0023
2012-05-02,-0.005
2012-05-03,-0.0412
2012-05-04,0.0058
2012-05-07,0.0051
2012-05-08,-0.0036
2012-05-09,-0.0048
2012-05-10,0.0058
2012-05-11,-0.0008
2012-05-14,-0.0106
2012-05-15,-0.0018
2012-05-16,0.0053
2012-05-17,-0.021
2012-05-18,-0.0187
2012-05-21,0.0304
2012-05-22,0.0148
2012-05-23,0.0056
2012-05-24,0.0043
2012-05-25,-0.0029
2012-05-29,0.0086
2012-05-30,-0.0207
2012-05-31,-0.0173
2012-06-04,0.0138
2012-06-05,-0.0019
2012-06-06,0.0206
2012-06-07,-0.0008
2012-06-08,0.0109
2012-06-11,-0.0106
2012-06-12,0.0084
2012-06-13,-0.011
2012-06-14,0.0136
2012-06-15,0.0121
2012-06-18,0.0112
2012-06-19,0.0109
2012-06-20,0.0017
2012-06-21,-0.021
2012-06-22,0.0151
2012-06-25,-0.0145
2012-06-26,0.0071
2012-06-27,0.0037
2012-06-28,-0.013
2012-06-29,0.0254
2012-07-03,0.0047
2012-07-05,-0.0095
2012-07-06,-0.0149
2012-07-09,-0.0041
2012-07-10,-0.0076
2012-07-11,-0.0046
2012-07-12,-0.0111
2012-07-13,0.0192
2012-07-16,-0.0022
2012-07-17,0.0072
2012-07-18,0.0138
2012-07-19,0.0089
2012-07-20,-0.0109
2012-07-23,-0.0158
2012-07-24,-0.0044
2012-07-25,-0.0023
2012-07-26,0.0186
2012-07-27,0.0365
2012-07-30,-0.0058
2012-07-31,-0.007
2012-08-02,0.0092
2012-08-03,0.0098
2012-08-06,0.0021
2012-08-07,-0.003
2012-08-08,-0.0099
2012-08-09,-0.0052
2012-08-10,0.0037
2012-08-13,-0.0022
2012-08-14,0.0065
2012-08-15,0.0006
2012-08-16,-0.005
2012-08-17,0.0007
2012-08-20,-0.0009
2012-08-21,-0.0051
2012-08-22,0.0037
2012-08-23,-0.0051
2012-08-24,0.0065
2012-08-27,0.004
2012-08-28,-0.0003
2012-08-29,0.0006
2012-08-30,-0.0074
2012-08-31,0.0039
2012-09-05,-0.0025
2012-09-06,0.0266
2012-09-07,0.0064
2012-09-10,-0.0116
2012-09-11,-0.0026
2012-09-12,0.0043
2012-09-13,0.0183
2012-09-14,0.0106
2012-09-17,0.0033
2012-09-18,0.0033
2012-09-19,0.0062
2012-09-20,-0.0012
2012-09-21,-0.0017
2012-09-24,-0.0053
2012-09-25,-0.011
2012-09-26,-0.0068
2012-09-27,0.015
2012-09-28,-0.008
2012-10-02,0.0029
2012-10-03,0.0108
2012-10-04,0.0036
2012-10-05,-0.0009
2012-10-08,-0.008
2012-10-09,-0.0156
2012-10-10,0.0002
2012-10-11,0.0006
2012-10-12,0.0021
2012-10-15,0.0097
2012-10-16,0.0108
2012-10-17,0.0073
2012-10-18,-0.0124
2012-10-19,-0.0196
2012-10-22,0.0028
2012-10-23,-0.0145
2012-10-24,0.005
2012-10-25,0.0065
2012-10-26,0.0029
2012-10-31,-0.0058
2012-11-02,-0.0074
2012-11-05,0.0012
2012-11-06,0.0045
2012-11-07,-0.0165
2012-11-08,-0.0105
2012-11-09,0.0038
2012-11-12,0.0077
2012-11-13,-0.0026
2012-11-14,-0.0143
2012-11-15,-0.0069
2012-11-16,0.0087
2012-11-19,0.0173
2012-11-20,0.0076
2012-11-21,0.0006
2012-11-23,0.0125
2012-11-26,0.0021
2012-11-27,-0.0044
2012-11-28,0.0044
2012-11-29,0.008
2012-11-30,0.0051
2012-12-04,0.0012
2012-12-05,-0.0007
2012-12-06,-0.0031
2012-12-07,-0.0046
2012-12-10,-0.0007
2012-12-11,0.0059
2012-12-12,-0.0047
2012-12-13,-0.0088
2012-12-14,-0.0072
2012-12-17,0.015
2012-12-18,0.0137
2012-12-19,-0.0021
2012-12-20,0.0043
2012-12-21,-0.011
2012-12-24,-0.0024
2012-12-26,-0.0094
2012-12-27,-0.0029
2012-12-28,-0.0081
2012-12-31,0.015
2013-01-03,-0.0046
2013-01-04,0.0076
2013-01-07,-0.0013
2013-01-08,-0.0023
2013-01-09,0.0081
2013-01-10,0.0046
2013-01-11,-0.0003
2013-01-14,-0.0055
2013-01-15,-0.0036
2013-01-16,-0.003
2013-01-17,0.0015
2013-01-18,-0.0032
2013-01-22,-0.0006
2013-01-23,0.0036
2013-01-24,0.0086
2013-01-25,0.0061
2013-01-28,-0.0001
2013-01-29,0.0028
2013-01-30,-0.0059
2013-01-31,0.0052
2013-02-04,-0.0151
2013-02-05,0.0171
2013-02-06,-0.001
2013-02-07,-0.0045
2013-02-08,0.0099
2013-02-11,-0.0068
2013-02-12,0.0043
2013-02-13,0.0081
2013-02-14,0.0033
2013-02-15,0.0052
2013-02-19,0.0043
2013-02-20,-0.0151
2013-02-21,-0.0026
2013-02-22,0.0067
2013-02-25,-0.0179
2013-02-26,0.0031
2013-02-27,0.0139
2013-02-28,0.0023
2013-03-04,0.0135
2013-03-05,0.0072
2013-03-06,-0.0006
2013-03-07,-0.0043
2013-03-08,0.0024
2013-03-11,-0.0002
2013-03-12,0.0002
2013-03-13,-0.0023
2013-03-14,0.0021
2013-03-15,-0.0091
2013-03-18,-0.0058
2013-03-19,0.0033
2013-03-20,0.0118
2013-03-21,-0.0046
2013-03-22,0.0122
2013-03-25,-0.0014
2013-03-26,0.0089
2013-03-27,0.009
2013-03-28,0.0162
2013-04-02,0.0127
2013-04-03,-0.0111
2013-04-04,0.0038
2013-04-05,-0.009
2013-04-08,0.0027
2013-04-09,0.0002
2013-04-10,0.0172
2013-04-11,0.0094
2013-04-12,0.0041
2013-04-15,-0.0216
2013-04-16,0.0165
2013-04-17,-0.0111
2013-04-18,-0.0194
2013-04-19,0.0209
2013-04-22,0.0074
2013-04-23,0.0054
2013-04-24,-0.0118
2013-04-25,0.0124
2013-04-26,-0.0092
2013-04-29,0.0038
2013-04-30,-0.0019
2013-05-02,0.0175
2013-05-03,0.0152
2013-05-06,-0.0018
2013-05-07,-0.001
2013-05-08,-0.0003
2013-05-09,-0.0025
2013-05-10,0.0077
2013-05-13,0.0026
2013-05-14,0.0135
2013-05-15,0.01
2013-05-16,-0.0128
2013-05-17,0.0086
2013-05-20,-0.0117
2013-05-21,0.0044
2013-05-22,-0.0068
2013-05-23,-0.0043
2013-05-24,0.0018
2013-05-28,0.0054
2013-05-29,-0.014
2013-05-30,0.0021
2013-05-31,-0.0142
2013-06-04,-0.0034
2013-06-05,-0.0102
2013-06-06,0.0094
2013-06-07,0.0167
2013-06-10,0.0044
2013-06-11,-0.0174
2013-06-12,-0.0168
2013-06-13,0.0188
2013-06-14,-0.0032
2013-06-17,0.0077
2013-06-18,0.0104
2013-06-19,-0.0133
2013-06-20,-0.0215
2013-06-21,0.002
2013-06-24,-0.0122
2013-06-25,0.0075
2013-06-26,0.0138
2013-06-27,0.0037
2013-06-28,0.0019
2013-07-02,-0.0009
2013-07-03,0.0054
2013-07-05,0.0128
2013-07-08,0.0013
2013-07-09,0.0058
2013-07-10,0.0073
2013-07-11,0.0142
2013-07-12,0.0114
2013-07-15,-0.0031
2013-07-16,-0.0034
2013-07-17,0.0007
2013-07-18,0.0034
2013-07-19,0.0039
2013-07-22,0.0042
2013-07-23,-0.0044
2013-07-24,-0.0008
2013-07-25,0.0052
2013-07-26,0.0018
2013-07-29,-0.0081
2013-07-30,0.0023
2013-07-31,-0.0041
2013-08-02,0.0092
2013-08-05,-0.001
2013-08-06,-0.0134
2013-08-07,0.006
2013-08-08,-0.0047
2013-08-09,-0.0052
2013-08-12,-0.0039
2013-08-13,-0.0028
2013-08-14,-0.0078
2013-08-15,-0.023
2013-08-16,-0.0001
2013-08-19,0.0024
2013-08-20,0.0054
2013-08-21,0.0023
2013-08-22,0.0105
2013-08-23,0.0045
2013-08-26,0.0116
2013-08-27,-0.0255
2013-08-28,0.0107
2013-08-29,0.0064
2013-08-30,-0.0059
2013-09-04,0.0085
2013-09-05,-0.002
2013-09-06,-0.0002
2013-09-09,0.0121
2013-09-10,0.0042
2013-09-11,0.0008
2013-09-12,-0.0008
2013-09-13,0.0061
2013-09-16,0.0033
2013-09-17,0.0048
2013-09-18,0.0193
2013-09-19,0.0005
2013-09-20,-0.0014
2013-09-23,-0.0034
2013-09-24,0.0033
2013-09-25,-0.0051
2013-09-26,0.0061
2013-09-27,0.0027
2013-09-30,-0.0049
2013-10-02,0.0023
2013-10-03,-0.0128
2013-10-04,0.0131
2013-10-07,-0.0125
2013-10-08,-0.0335
2013-10-09,-0.0054
2013-10-10,0.0349
2013-10-11,0.0044
2013-10-14,0.0064
2013-10-15,-0.0091
2013-10-16,0.0161
2013-10-17,0.008
2013-10-18,0.017
2013-10-21,0.0029
2013-10-22,0.0016
2013-10-23,-0.0138
2013-10-24,0.0085
2013-10-25,-0.0019
2013-10-28,-0.0109
2013-10-29,0.0105
2013-10-30,0.0031
2013-10-31,-0.0079
2013-11-04,-0.0049
2013-11-05,0.0077
2013-11-06,-0.0132
2013-11-07,-0.0241
2013-11-08,0.0212
2013-11-11,0.0004
2013-11-12,-0.0003
2013-11-13,0.0172
2013-11-14,0.0113
2013-11-15,0.007
2013-11-18,-0.0133
2013-11-19,0.0004
2013-11-20,0.0013
2013-11-21,0.0115
2013-11-22,0.0154
2013-11-25,0.0054
2013-11-26,0.0095
2013-11-27,0.005
2013-11-29,0.0054
2013-12-03,-0.0083
2013-12-04,-0.0003
2013-12-05,-0.0055
2013-12-06,0.0097
2013-12-09,-0.0021
2013-12-10,-0.0061
2013-12-11,-0.0143
2013-12-12,-0.0024
2013-12-13,-0.0027
2013-12-16,0.0049
2013-12-17,-0.0052
2013-12-18,0.0187
2013-12-19,-0.0019
2013-12-20,0.0094
2013-12-23,0.0019
2013-12-24,0.0002
2013-12-26,0.0063
2013-12-27,-0.0049
2013-12-30,-0.0021
2013-12-31,0.0048
2014-01-03,-0.0082
2014-01-06,0.0028
2014-01-07,0.008
2014-01-08,0.0065
2014-01-09,-0.0043
2014-01-10,0.0053
2014-01-13,-0.0223
2014-01-14,0.0209
2014-01-15,0.0098
2014-01-16,0.0002
2014-01-17,-0.0068
2014-01-21,0.0113
2014-01-22,0.0074
2014-01-23,-0.0121
2014-01-24,-0.0252
2014-01-27,-0.0096
2014-01-28,0.006
2014-01-29,-0.0155
2014-01-30,0.0289
2014-01-31,-0.0072
2014-02-04,0.0087
2014-02-05,-0.0119
2014-02-06,0.0091
2014-02-07,0.0307
2014-02-10,0.0067
2014-02-11,0.0103
2014-02-12,0.0093
2014-02-13,0.0127
2014-02-14,-0.0003
2014-02-18,0.0142
2014-02-19,0.0004
2014-02-20,0.0085
2014-02-21,0.0024
2014-02-24,0.0013
2014-02-25,0.0015
2014-02-26,-0.0015
2014-02-27,0.0152
2014-02-28,-0.0025
2014-03-04,0.0197
2014-03-05,0.0014
2014-03-06,0.0096
2014-03-07,-0.0144
2014-03-10,-0.006
2014-03-11,-0.014
2014-03-12,0.0076
2014-03-13,-0.0226
2014-03-14,-0.0079
2014-03-17,0.0162
2014-03-18,0.0095
2014-03-19,-0.0084
2014-03-20,-0.0031
2014-03-21,-0.0186
2014-03-24,-0.0226
2014-03-25,0.003
2014-03-26,-0.0234
2014-03-27,-0.002
2014-03-28,-0.0028
2014-03-31,0.0104
2014-04-02,0.004
2014-04-03,-0.0189
2014-04-04,-0.036
2014-04-07,-0.0115
2014-04-08,0.0065
2014-04-09,0.0336
2014-04-10,-0.0435
2014-04-11,-0.0146
2014-04-14,0.0101
2014-04-15,0.0115
2014-04-16,0.0159
2014-04-17,0.0005
2014-04-21,0.02
2014-04-22,0.0165
2014-04-23,-0.0035
2014-04-24,-0.0019
2014-04-25,-0.0195
2014-04-28,-0.0172
2014-04-29,0.0162
2014-04-30,0.0101
2014-05-02,-0.0009
2014-05-05,0.0077
2014-05-06,-0.0144
2014-05-07,-0.0113
2014-05-08,-0.0023
2014-05-09,0.0034
2014-05-12,0.0258
2014-05-13,-0.0048
2014-05-14,-0.0063
2014-05-15,-0.0083
2014-05-16,0.0034
2014-05-19,0.0119
2014-05-20,-0.0045
2014-05-21,0.0162
2014-05-22,0.0049
2014-05-23,0.0122
2014-05-27,0.0187
2014-05-28,-0.004
2014-05-29,0.0076
2014-05-30,-0.0044
2014-06-03,-0.0024
2014-06-04,0.0006
2014-06-05,0.0059
2014-06-06,0.0032
2014-06-09,-0.0013
2014-06-10,0.0083
2014-06-11,-0.0041
2014-06-12,-0.0104
2014-06-13,0.0094
2014-06-16,-0.0051
2014-06-17,0.0005
2014-06-18,0.005
2014-06-19,-0.0001
2014-06-20,0.0048
2014-06-23,0.0004
2014-06-24,-0.0055
2014-06-25,0.0109
2014-06-26,-0.0018
2014-06-27,0.0024
2014-06-30,0.0034
2014-07-02,-0.0019
2014-07-03,0.0053
2014-07-07,-0.0073
2014-07-08,-0.0153
2014-07-09,0.0106
2014-07-10,-0.0045
2014-07-11,0.0052
2014-07-14,0.0136
2014-07-15,-0.0032
2014-07-16,-0.0014
2014-07-17,-0.0205
2014-07-18,0.0243
2014-07-21,0.0028
2014-07-22,0.0055
2014-07-23,0.0056
2014-07-24,0.0085
2014-07-25,0.0036
2014-07-28,-0.0003
2014-07-29,-0.005
2014-07-30,0.0064
2014-07-31,-0.0243
2014-08-04,0.0075
2014-08-05,-0.0096
2014-08-06,-0.0004
2014-08-07,-0.0063
2014-08-08,0.0047
2014-08-11,0.0066
2014-08-12,0.0023
2014-08-13,0.014
2014-08-14,0.0091
2014-08-15,0.0076
2014-08-18,0.0077
2014-08-19,0.0055
2014-08-20,-0.0012
2014-08-21,0.0025
2014-08-22,0.0038
2014-08-25,0.0054
2014-08-26,-0.0027
2014-08-27,0.0018
2014-08-28,-0.0002
2014-08-29,0.0154
2014-09-03,-0.0032
2014-09-04,0.0005
2014-09-05,0.0084
2014-09-08,0.0033
2014-09-09,-0.0053
2014-09-10,0.0068
2014-09-11,0.0027
2014-09-12,-0.0098
2014-09-15,-0.0042
2014-09-16,0.0095
2014-09-17,0.0024
2014-09-18,0.0082
2014-09-19,-0.0002
2014-09-22,-0.004
2014-09-23,-0.0027
2014-09-24,0.0064
2014-09-25,-0.0218
2014-09-26,0.0093
2014-09-29,-0.0005
2014-09-30,-0.0023
2014-10-02,-0.002
2014-10-03,0.009
2014-10-06,-0.0051
2014-10-07,-0.0146
2014-10-08,0.0225
2014-10-09,-0.0189
2014-10-10,-0.0441
2014-10-13,-0.0169
2014-10-14,0.007
2014-10-15,-0.0057
2014-10-16,0.0014
2014-10-17,0.0198
2014-10-20,0.0163
2014-10-21,0.0319
2014-10-22,-0.0087
2014-10-23,0.0146
2014-10-24,0.0127
2014-10-27,0.0026
2014-10-28,0.0129
2014-10-29,-0.0095
2014-10-30,-0.0097
2014-10-31,0.0196
2014-11-04,-0.0086
2014-11-05,0.0036
2014-11-06,0.0039
2014-11-07,-0.0005
2014-11-10,0.0113
2014-11-11,0.0057
2014-11-12,0.0025
2014-11-13,0
2014-11-14,-0.0041
2014-11-17,-0.0008
2014-11-18,0.01
2014-11-19,-0.0028
2014-11-20,0.0002
2014-11-21,0.0047
2014-11-24,0.007
2014-11-25,0.0022
2014-11-26,0.0081
2014-11-28,0.0019
2014-12-02,0.0084
2014-12-03,0
2014-12-04,0.0037
2014-12-05,0.0075
2014-12-08,-0.01
2014-12-09,0.0022
2014-12-10,-0.0189
2014-12-11,0.0069
2014-12-12,-0.0125
2014-12-15,-0.0145
2014-12-16,-0.0129
2014-12-17,0.0216
2014-12-18,0.0285
2014-12-19,-0.0019
2014-12-22,0.0063
2014-12-23,-0.0098
2014-12-24,0.0025
2014-12-26,0.0078
2014-12-29,-0.0038
2014-12-30,-0.0092
2014-12-31,-0.0098
2015-01-05,-0.0151
2015-01-06,-0.0081
2015-01-07,0.0144
2015-01-08,0.0156
2015-01-09,-0.0058
2015-01-12,-0.0041
2015-01-13,-0.001
2015-01-14,-0.0093
2015-01-15,-0.0119
2015-01-16,0.0154
2015-01-20,0.0016
2015-01-21,0.0022
2015-01-22,0.0178
2015-01-23,-0.0003
2015-01-26,-0.0036
2015-01-27,-0.0202
2015-01-28,-0.0142
2015-01-29,0.0074
2015-01-30,-0.0101
2015-02-03,0.0067
2015-02-04,-0.0039
2015-02-05,0.003
2015-02-06,-0.0007
2015-02-09,-0.0085
2015-02-10,0.0187
2015-02-11,0.0062
2015-02-12,0.0088
2015-02-13,-0.0012
2015-02-17,0.0008
2015-02-18,0.0065
2015-02-19,0.0029
2015-02-20,0.0046
2015-02-23,0.0058
2015-02-24,-0.0015
2015-02-25,-0.0049
2015-02-26,0.0179
2015-02-27,-0.0059
2015-03-03,-0.0097
2015-03-04,-0.0008
2015-03-05,0.0029
2015-03-06,-0.0077
2015-03-09,0.0074
2015-03-10,-0.022
2015-03-11,-0.0059
2015-03-12,0.0026
2015-03-13,-0.0071
2015-03-16,0.012
2015-03-17,-0.001
2015-03-18,0.0081
2015-03-19,0.0022
2015-03-20,0.0079
2015-03-23,0.0007
2015-03-24,-0.0067
2015-03-25,-0.0288
2015-03-26,-0.0037
2015-03-27,0.0035
2015-03-30,0.0115
2015-03-31,-0.0062
2015-04-02,0.0017
2015-04-06,0.0037
2015-04-07,-0.0035
2015-04-08,0.0099
2015-04-09,0.0085
2015-04-10,-0.0023
2015-04-13,0.0003
2015-04-14,-0.0029
2015-04-15,-0.0012
2015-04-16,-0.005
2015-04-17,-0.0144
2015-04-20,0.016
2015-04-21,0.0064
2015-04-22,0.0068
2015-04-23,-0.0041
2015-04-24,0.0067
2015-04-27,-0.0002
2015-04-28,-0.0099
2015-04-29,-0.0098
2015-04-30,-0.0243
2015-05-04,-0.0005
2015-05-05,-0.0167
2015-05-06,-0.0021
2015-05-07,0.0056
2015-05-08,0.0183
2015-05-11,-0.0053
2015-05-12,-0.0065
2015-05-13,0.002
2015-05-14,0.0211
2015-05-15,-0.0026
2015-05-18,0.0086
2015-05-19,0.0008
2015-05-20,0.0013
2015-05-21,0.0053
2015-05-22,0.0014
2015-05-26,-0.0133
2015-05-27,0.0228
2015-05-28,-0.0034
2015-05-29,-0.0001
2015-06-02,-0.0065
2015-06-03,0.0022
2015-06-04,-0.0087
2015-06-05,0.0034
2015-06-08,-0.0125
2015-06-09,-0.084
2015-06-10,0.0146
2015-06-11,0.0002
2015-06-12,-0.0098
2015-06-15,-0.0021
2015-06-16,0.0051
2015-06-17,0.0012
2015-06-18,0.0192
2015-06-19,-0.0047
2015-06-22,0.006
2015-06-23,0.001
2015-06-24,-0.0047
2015-06-25,-0.0014
2015-06-26,-0.0048
2015-06-29,-0.0262
2015-06-30,0.0076
2015-07-02,-0.002
2015-07-06,-0.0025
2015-07-07,-0.0025
2015-07-08,-0.0213
2015-07-09,0.0001
2015-07-10,0.0172
2015-07-13,0.0137
2015-07-14,0.0082
2015-07-15,-0.0023
2015-07-16,0.0178
2015-07-17,0.0053
2015-07-20,0.0074
2015-07-21,0.0024
2015-07-22,-0.0096
2015-07-23,-0.0032
2015-07-24,0.0008
2015-07-27,-0.0165
2015-07-28,0.0105
2015-07-29,0.0112
2015-07-30,0.0117
2015-07-31,-0.0051
2015-08-04,0.0027
2015-08-05,0.0174
2015-08-06,-0.0117
2015-08-07,-0.0046
2015-08-10,0.0056
2015-08-11,-0.0043
2015-08-12,-0.0004
2015-08-13,0.0028
2015-08-14,-0.0007
2015-08-17,0.0084
2015-08-18,-0.0084
2015-08-19,-0.0054
2015-08-20,-0.0289
2015-08-21,-0.041
2015-08-24,-0.0453
2015-08-25,-0.0072
2015-08-26,0.0611
2015-08-27,0.0304
2015-08-28,-0.0014
2015-08-31,-0.0138
2015-09-02,0.0238
2015-09-03,0.0014
2015-09-04,-0.0143
2015-09-08,0.0276
2015-09-09,-0.0145
2015-09-10,0.0071
2015-09-11,0.0104
2015-09-14,-0.0075
2015-09-15,0.0129
2015-09-16,0.0053
2015-09-17,0.0035
2015-09-18,-0.0147
2015-09-21,0.0055
2015-09-22,-0.0132
2015-09-23,0.0057
2015-09-24,-0.0067
2015-09-25,-0.0037
2015-09-28,-0.0383
2015-09-29,-0.0023
2015-09-30,0.0249
2015-10-02,0.0144
2015-10-05,0.0174
2015-10-06,-0.0137
2015-10-07,0.001
2015-10-08,0.0101
2015-10-09,0.0063
2015-10-12,0.0055
2015-10-13,-0.0103
2015-10-14,-0.0023
2015-10-15,0.0169
2015-10-16,0.0085
2015-10-19,0.0065
2015-10-20,-0.0081
2015-10-21,-0.0069
2015-10-22,0.026
2015-10-23,0.0096
2015-10-26,0.0017
2015-10-27,0.0036
2015-10-28,-0.0059
2015-10-29,-0.0176
2015-10-30,0.0035
2015-11-03,-0.0024
2015-11-04,-0.0004
2015-11-05,-0.0008
2015-11-06,0.0036
2015-11-09,-0.0122
2015-11-10,0.0057
2015-11-11,0.0035
2015-11-12,-0.0165
2015-11-13,-0.0145
2015-11-16,0.0126
2015-11-17,0.0009
2015-11-18,0.0182
2015-11-19,0.0035
2015-11-20,0.0011
2015-11-23,-0.005
2015-11-24,-0.001
2015-11-25,0.0022
2015-11-27,0.0051
2015-11-30,-0.0026
2015-12-02,-0.0028
2015-12-03,-0.0088
2015-12-04,0.0229
2015-12-07,-0.0059
2015-12-08,0.0015
2015-12-09,-0.0153
2015-12-10,0.002
2015-12-11,-0.0268
2015-12-14,0.0135
2015-12-15,0.0054
2015-12-16,0.0193
2015-12-17,-0.0096
2015-12-18,-0.015
2015-12-21,0.0071
2015-12-22,0.003
2015-12-23,0.004
2015-12-24,-0.0004
2015-12-28,0.0049
2015-12-29,0.0164
2015-12-30,-0.0084
2015-12-31,-0.013
2016-01-05,0.0002
2016-01-06,0.0039
2016-01-07,-0.0236
2016-01-08,-0.0111
2016-01-11,0.0003
2016-01-12,0.0074
2016-01-13,-0.0341
2016-01-14,0.0214
2016-01-15,-0.0227
2016-01-19,0.011
2016-01-20,-0.0022
2016-01-21,-0.0057
2016-01-22,0.0221
2016-01-25,-0.0132
2016-01-26,0.0031
2016-01-27,-0.0191
2016-01-28,0.0143
2016-01-29,0.0117
2016-02-02,-0.0166
2016-02-03,-0.0174
2016-02-04,-0.0109
2016-02-05,-0.0471
2016-02-08,-0.0724
2016-02-09,0.0003
2016-02-10,0.0091
2016-02-11,0.0548
2016-02-12,0.0153
2016-02-16,0.0135
2016-02-17,0.0191
2016-02-18,-0.0133
2016-02-19,0.0063
2016-02-22,0.0202
2016-02-23,-0.0117
2016-02-24,0.0034
2016-02-25,0.0147
2016-02-26,-0.0047
2016-02-29,-0.0095
2016-03-02,-0.0033
2016-03-03,-0.0034
2016-03-04,-0.0022
2016-03-07,-0.0176
2016-03-08,-0.0023
2016-03-09,0.0124
2016-03-10,-0.0012
2016-03-11,0.0103
2016-03-14,0.0035
2016-03-15,0.0008
2016-03-16,0.0068
2016-03-17,-0.0017
2016-03-18,-0.004
2016-03-21,0.0011
2016-03-22,-0.0017
2016-03-23,-0.001
2016-03-24,-0.0039
2016-03-28,0.0029
2016-03-29,0.0157
2016-03-30,0.0027
2016-03-31,-0.0044
2016-04-04,-0.0101
2016-04-05,-0.0071
2016-04-06,0.0149
2016-04-07,-0.0081
2016-04-08,-0.0032
2016-04-11,-0.0066
2016-04-12,0.0064
2016-04-13,0.0148
2016-04-14,0.0026
2016-04-15,-0.0004
2016-04-18,0.0087
2016-04-19,-0.0125
2016-04-20,0.0009
2016-04-21,-0.0003
2016-04-22,-0.0322
2016-04-25,-0.0001
2016-04-26,-0.0074
2016-04-27,-0.0061
2016-04-28,-0.0016
2016-04-29,0.0156
2016-05-03,-0.0163
2016-05-04,-0.0043
2016-05-05,0.0025
2016-05-06,0.0048
2016-05-09,-0.0053
2016-05-10,0.0142
2016-05-11,-0.0099
2016-05-12,-0.0028
2016-05-13,-0.0015
2016-05-16,0.0146
2016-05-17,-0.0023
2016-05-18,0.0056
2016-05-19,-0.0098
2016-05-20,0.0105
2016-05-23,-0.0088
2016-05-24,0.027
2016-05-25,0.0019
2016-05-26,0.0052
2016-05-27,0.01
2016-05-31,-0.0024
2016-06-02,-0.0002
2016-06-03,-0.0029
2016-06-06,0.0023
2016-06-07,-0.0031
2016-06-08,0.0059
2016-06-09,-0.0013
2016-06-10,-0.013
2016-06-13,-0.0098
2016-06-14,0.0039
2016-06-15,-0.0039
2016-06-16,0.003
2016-06-17,-0.0129
2016-06-20,0.0051
2016-06-21,0.0073
2016-06-22,-0.0073
2016-06-23,0.014
2016-06-24,-0.0286
2016-06-27,-0.0116
2016-06-28,0.0202
2016-06-29,0.0155
2016-06-30,0.0087
2016-07-05,-0.001
2016-07-06,0.0085
2016-07-07,-0.0015
2016-07-08,0.014
2016-07-11,0.0067
2016-07-12,-0.0002
2016-07-13,-0.0015
2016-07-14,0.0021
2016-07-15,-0.0033
2016-07-18,0.0073
2016-07-19,0.0011
2016-07-20,0.0091
2016-07-21,-0.0027
2016-07-22,0.0055
2016-07-25,-0.001
2016-07-26,0.0049
2016-07-27,0.0001
2016-07-28,0.0013
2016-07-29,0.0027
2016-08-02,-0.0081
2016-08-03,-0.0007
2016-08-04,0.0073
2016-08-05,0.0079
2016-08-08,-0.0006
2016-08-09,0.007
2016-08-10,-0.0007
2016-08-11,0.0047
2016-08-12,0.0006
2016-08-15,0.0037
2016-08-16,-0.0054
2016-08-17,0.0016
2016-08-18,-0.0012
2016-08-19,-0.0012
2016-08-22,0.0026
2016-08-23,0.0023
2016-08-24,-0.0046
2016-08-25,0.001
2016-08-26,0.0051
2016-08-29,0.003
2016-08-30,-0.0032
2016-08-31,0.0011
2016-09-02,0.0017
2016-09-06,0.0101
2016-09-07,-0.0014
2016-09-08,-0.0054
2016-09-09,-0.03
2016-09-12,0.0229
2016-09-13,-0.0084
2016-09-14,0.004
2016-09-15,0.0114
2016-09-16,0.0013
2016-09-19,0.0006
2016-09-20,-0.0012
2016-09-21,0.0201
2016-09-22,0.0058
2016-09-23,-0.0081
2016-09-26,-0.0074
2016-09-27,0.0145
2016-09-28,0.0031
2016-09-29,-0.0079
2016-09-30,0.0021
2016-10-04,0.0012
2016-10-05,-0.0001
2016-10-06,0.0006
2016-10-07,-0.0049
2016-10-10,0.0025
2016-10-11,-0.0185
2016-10-12,0.0027
2016-10-13,-0.0048
2016-10-14,-0.001
2016-10-17,-0.0009
2016-10-18,0.0096
2016-10-19,0.0034
2016-10-20,0.0023
2016-10-21,0.0243
2016-10-24,0.0057
2016-10-25,-0.0078
2016-10-26,-0.0112
2016-10-27,-0.0026
2016-10-28,-0.0017
2016-10-31,-0.0028
2016-11-02,-0.0092
2016-11-03,-0.0113
2016-11-04,-0.0063
2016-11-07,0.0207
2016-11-08,0.0087
2016-11-09,-0.0059
2016-11-10,-0.0233
2016-11-11,-0.0007
2016-11-14,-0.0159
2016-11-15,0.0149
2016-11-16,0.0015
2016-11-17,0.0064
2016-11-18,-0.0041
2016-11-21,0.0151
2016-11-22,0.0056
2016-11-23,-0.0044
2016-11-25,0.0037
2016-11-28,-0.0001
2016-11-29,0.005
2016-11-30,-0.0185
2016-12-02,0.0039
2016-12-05,0.0082
2016-12-06,0.0069
2016-12-07,0.0136
2016-12-08,-0.0004
2016-12-09,-0.003
2016-12-12,-0.0039
2016-12-13,0.0109
2016-12-14,-0.0024
2016-12-15,0.0019
2016-12-16,-0.0057
2016-12-19,0.0076
2016-12-20,0.0071
2016-12-21,0.0022
2016-12-22,-0.0063
2016-12-23,0.0058
2016-12-27,0.0099
2016-12-28,-0.013
2016-12-29,0.0014
2016-12-30,-0.0158
2017-01-04,0.0026
2017-01-05,-0.002
2017-01-06,0.0071
2017-01-09,0.0061
2017-01-10,0.0012
2017-01-11,0.0001
2017-01-12,-0.0041
2017-01-13,0.0034
2017-01-17,-0.0139
2017-01-18,0.0072
2017-01-19,-0.0038
2017-01-20,-0.004
2017-01-23,-0.0311
2017-01-24,0.0059
2017-01-25,0.015
2017-01-26,-0.0067
2017-01-27,0.0041
2017-01-30,-0.0126
2017-01-31,-0.004
2017-02-02,-0.0013
2017-02-03,-0.0009
2017-02-06,0.0026
2017-02-07,0.0082
2017-02-08,0.0058
2017-02-09,-0.0045
2017-02-10,0.0016
2017-02-13,-0.0024
2017-02-14,-0.0011
2017-02-15,0.0063
2017-02-16,0.0118
2017-02-17,0.0044
2017-02-21,0.0043
2017-02-22,0.0051
2017-02-23,-0.0127
2017-02-24,0.0012
2017-02-27,0.0033
2017-02-28,0.0024
2017-03-02,-0.0128
2017-03-03,0.0036
2017-03-06,0.0008
2017-03-07,-0.0029
2017-03-08,-0.003
2017-03-09,-0.0002
2017-03-10,0.0039
2017-03-13,0.0079
2017-03-14,-0.0022
2017-03-15,0.0073
2017-03-16,-0.0023
2017-03-17,0.0096
2017-03-20,0.0043
2017-03-21,-0.02
2017-03-22,0.01
2017-03-23,-0.0016
2017-03-24,0.0039
2017-03-27,0.0023
2017-03-28,0.0066
2017-03-29,0.0034
2017-03-30,0.0051
2017-03-31,-0.0016
2017-04-04,-0.005
2017-04-05,-0.0018
2017-04-06,0
2017-04-07,-0.0006
2017-04-10,-0.0012
2017-04-11,-0.0027
2017-04-12,-0.0037
2017-04-13,-0.0035
2017-04-17,0.0141
2017-04-18,-0.0017
2017-04-19,-0.0009
2017-04-20,0.0096
2017-04-21,0.0031
2017-04-24,0.0117
2017-04-25,0.013
2017-04-26,-0.0042
2017-04-27,0.0117
2017-04-28,-0.0008
2017-05-02,-0.0075
2017-05-03,-0.0084
2017-05-04,-0.0053
2017-05-05,0.012
2017-05-08,-0.0013
2017-05-09,0.0063
2017-05-10,0.0201
2017-05-11,0.0008
2017-05-12,0.002
2017-05-15,0.0054
2017-05-16,0.0051
2017-05-17,-0.0335
2017-05-18,0.0145
2017-05-19,0.0067
2017-05-22,0.0115
2017-05-23,-0.0003
2017-05-24,0.0068
2017-05-25,0.0131
2017-05-26,0.0049
2017-05-30,0.0049
2017-05-31,0
2017-06-02,0.0077
2017-06-05,-0.001
2017-06-06,0.0013
2017-06-07,0.0124
2017-06-08,0.0081
2017-06-09,-0.0409
2017-06-12,-0.0018
2017-06-13,0.0068
2017-06-14,-0.0103
2017-06-15,-0.0045
2017-06-16,-0.0024
2017-06-19,0.0226
2017-06-20,-0.0087
2017-06-21,0.0146
2017-06-22,0.0019
2017-06-23,0.0079
2017-06-26,-0.0075
2017-06-27,-0.0292
2017-06-28,0.0202
2017-06-29,-0.0269
2017-06-30,-0.0009
2017-07-05,0.007
2017-07-06,-0.0118
2017-07-07,0.0062
2017-07-10,0.0145
2017-07-11,0.0083
2017-07-12,0.0165
2017-07-13,-0.0037
2017-07-14,0.0102
2017-07-17,-0.0052
2017-07-18,0.014
2017-07-19,0.0003
2017-07-20,0.0021
2017-07-21,0.0033
2017-07-24,0.0052
2017-07-25,-0.0005
2017-07-26,0.0063
2017-07-27,-0.0049
2017-07-28,0.0087
2017-07-31,-0.0014
2017-08-02,-0.0066
2017-08-03,0.0051
2017-08-04,0.0078
2017-08-07,0.0106
2017-08-08,0.0034
2017-08-09,-0.005
2017-08-10,-0.0361
2017-08-11,-0.0038
2017-08-14,0.012
2017-08-15,-0.0036
2017-08-16,0.003
2017-08-17,-0.0271
2017-08-18,-0.002
2017-08-21,0.001
2017-08-22,0.0154
2017-08-23,-0.0006
2017-08-24,-0.0046
2017-08-25,-0.0092
2017-08-28,0.001
2017-08-29,0.0046
2017-08-30,0.0178
2017-08-31,0.0076
2017-09-05,-0.0091
2017-09-06,0.003
2017-09-07,0.0054
2017-09-08,-0.0136
2017-09-11,0.0193
2017-09-12,0.0045
2017-09-13,0.005
2017-09-14,-0.0015
2017-09-15,0.005
2017-09-18,0.0066
2017-09-19,-0.0013
2017-09-20,-0.0062
2017-09-21,-0.0127
2017-09-22,-0.0072
2017-09-25,-0.0264
2017-09-26,0.0003
2017-09-27,0.0111
2017-09-28,-0.0004
2017-09-29,0.0082
2017-10-03,0.0031
2017-10-04,-0.0018
2017-10-05,0.0136
2017-10-06,0.0013
2017-10-09,0.0021
2017-10-10,0.0029
2017-10-11,0.006
2017-10-12,-0.0005
2017-10-13,0.0085
2017-10-16,0.0041
2017-10-17,-0.0027
2017-10-18,-0.0005
2017-10-19,-0.0033
2017-10-20,0.0125
2017-10-23,-0.0006
2017-10-24,0.0035
2017-10-25,-0.003
2017-10-26,0.0035
2017-10-27,0.0145
2017-10-30,-0.006
2017-10-31,0.0089
2017-11-02,-0.0035
2017-11-03,0.0165
2017-11-06,0.0059
2017-11-07,-0.0001
2017-11-08,0.0037
2017-11-09,-0.0117
2017-11-10,0.0038
2017-11-13,0.007
2017-11-14,-0.0108
2017-11-15,-0.0057
2017-11-16,0.0201
2017-11-17,-0.0054
2017-11-20,-0.0005
2017-11-21,0.0159
2017-11-22,-0.004
2017-11-24,0.0062
2017-11-27,-0.0045
2017-11-28,-0.0032
2017-11-29,-0.0421
2017-11-30,0.0125
2017-12-04,-0.0334
2017-12-05,0.0026
2017-12-06,0.0154
2017-12-07,0.0089
2017-12-08,-0.0022
2017-12-11,0.0053
2017-12-12,-0.0045
2017-12-13,0.0038
2017-12-14,0.0004
2017-12-15,0.0145
2017-12-18,0.0069
2017-12-19,-0.0106
2017-12-20,-0.002
2017-12-21,-0.0019
2017-12-22,-0.0015
2017-12-26,-0.0053
2017-12-27,0.0018
2017-12-28,0.004
2017-12-29,-0.0097
2018-01-03,0.018
2018-01-04,0.0001
2018-01-05,0.0137
2018-01-08,0.0122
2018-01-09,-0.001
2018-01-10,-0.0024
2018-01-11,0.0029
2018-01-12,0.0006
2018-01-16,0.0022
2018-01-17,0.0175
2018-01-18,0.001
2018-01-19,0.0064
2018-01-22,0.0099
2018-01-23,0.0182
2018-01-24,-0.0072
2018-01-25,0.0046
2018-01-26,0.0249
2018-01-29,-0.006
2018-01-30,-0.0136
2018-01-31,-0.0006
2018-02-02,-0.0161
2018-02-05,-0.0406
2018-02-06,0.0324
2018-02-07,-0.0116
2018-02-08,-0.0469
2018-02-09,0.022
2018-02-12,0.0178
2018-02-13,0.0078
2018-02-14,0.0302
2018-02-15,0.0207
2018-02-16,-0.0064
2018-02-20,0.0089
2018-02-21,-0.0057
2018-02-22,0.0015
2018-02-23,0.0197
2018-02-26,0.0138
2018-02-27,-0.0124
2018-02-28,-0.0023
2018-03-02,0.015
2018-03-05,0.0164
2018-03-06,0.0111
2018-03-07,0.0061
2018-03-08,0.0036
2018-03-09,0.0207
2018-03-12,0.0029
2018-03-13,-0.0097
2018-03-14,0.0047
2018-03-15,-0.0006
2018-03-16,0.0021
2018-03-19,-0.0148
2018-03-20,0.0158
2018-03-21,-0.0012
2018-03-22,-0.0301
2018-03-23,-0.0317
2018-03-26,0.0433
2018-03-27,-0.047
2018-03-28,-0.0218
2018-03-29,0.0221
2018-04-03,0.0106
2018-04-04,0.0142
2018-04-05,0.0055
2018-04-06,-0.0236
2018-04-09,0.0033
2018-04-10,0.0213
2018-04-11,-0.004
2018-04-12,0.0129
2018-04-13,-0.0041
2018-04-16,0.0067
2018-04-17,0.0256
2018-04-18,0.0033
2018-04-19,-0.0074
2018-04-20,-0.0121
2018-04-23,-0.0074
2018-04-24,-0.0184
2018-04-25,-0.0056
2018-04-26,0.0264
2018-04-27,0.0007
2018-04-30,-0.005
2018-05-02,-0.0071
2018-05-03,0.0102
2018-05-04,0.0117
2018-05-07,0.0106
2018-05-08,0.0055
2018-05-09,0.014
2018-05-10,0.0114
2018-05-11,-0.0033
2018-05-14,-0.0004
2018-05-15,-0.0091
2018-05-16,0.0065
2018-05-17,-0.0019
2018-05-18,-0.0048
2018-05-21,0.0098
2018-05-22,0.0021
2018-05-23,0.0111
2018-05-24,0.002
2018-05-25,-0.0004
2018-05-29,-0.0065
2018-05-30,0.0105
2018-05-31,-0.0048
2018-06-04,0.01
2018-06-05,0.0079
2018-06-06,0.0071
2018-06-07,-0.0164
2018-06-08,0.0026
2018-06-11,-0.0019
2018-06-12,0.0045
2018-06-13,0.007
2018-06-14,0.009
2018-06-15,-0.0074
2018-06-18,-0.002
2018-06-19,-0.0035
2018-06-20,0.0087
2018-06-21,-0.0085
2018-06-22,-0.0075
2018-06-25,-0.0376
2018-06-26,0.0095
2018-06-27,-0.0205
2018-06-28,0.0145
2018-06-29,0.0022
2018-07-03,-0.0103
2018-07-05,0.0125
2018-07-06,0.0156
2018-07-09,0.009
2018-07-10,-0.001
2018-07-11,-0.0011
2018-07-12,0.021
2018-07-13,-0.006
2018-07-16,-0.0029
2018-07-17,0.0052
2018-07-18,0.0053
2018-07-19,-0.0115
2018-07-20,-0.0019
2018-07-23,0.0026
2018-07-24,-0.0023
2018-07-25,0.0151
2018-07-26,-0.0132
2018-07-27,-0.0176
2018-07-30,-0.0212
2018-07-31,0.0069
2018-08-02,0.0136
2018-08-03,-0.0007
2018-08-06,0.0044
2018-08-07,0.0054
2018-08-08,0.0029
2018-08-09,-0.0018
2018-08-10,-0.01
2018-08-13,-0.0015
2018-08-14,0.0062
2018-08-15,-0.0223
2018-08-16,-0.0004
2018-08-17,-0.0079
2018-08-20,0.0058
2018-08-21,0.0096
2018-08-22,0.0085
2018-08-23,0.0005
2018-08-24,0.0171
2018-08-27,0.0139
2018-08-28,0.002
2018-08-29,0.0106
2018-08-30,-0.0019
2018-08-31,0.0014
2018-09-05,-0.0185
2018-09-06,-0.0019
2018-09-07,-0.0039
2018-09-10,0.0021
2018-09-11,0.0091
2018-09-12,0.0003
2018-09-13,0.0066
2018-09-14,0.0017
2018-09-17,-0.016
2018-09-18,0.0108
2018-09-19,-0.0056
2018-09-20,0.0055
2018-09-21,-0.004
2018-09-24,0.0057
2018-09-25,0.0065
2018-09-26,-0.0003
2018-09-27,0.0056
2018-09-28,0.0041
2018-10-02,-0.0041
2018-10-03,-0.0017
2018-10-04,-0.0209
2018-10-05,-0.0131
2018-10-08,-0.0153
2018-10-09,0.0064
2018-10-10,-0.0584
2018-10-11,-0.0156
2018-10-12,0.0377
2018-10-15,-0.0207
2018-10-16,0.0382
2018-10-17,0.0026
2018-10-18,-0.0245
2018-10-19,-0.0094
2018-10-22,0.0089
2018-10-23,-0.0071
2018-10-24,-0.0536
2018-10-25,0.0402
2018-10-26,-0.031
2018-10-29,-0.0311
2018-10-30,0.0087
2018-10-31,0.0381
2018-11-02,-0.0128
2018-11-05,0.001
2018-11-06,0.0077
2018-11-07,0.0374
2018-11-08,-0.0028
2018-11-09,-0.0181
2018-11-12,-0.033
2018-11-13,-0.0031
2018-11-14,-0.0135
2018-11-15,0.0202
2018-11-16,-0.0015
2018-11-19,-0.0378
2018-11-20,-0.0224
2018-11-21,0.007
2018-11-23,-0.0082
2018-11-26,0.0244
2018-11-27,0.005
2018-11-28,0.0422
2018-11-29,-0.005
2018-11-30,0.0087
2018-12-04,-0.0197
2018-12-06,0.0062
2018-12-07,-0.0203
2018-12-10,0.0012
2018-12-11,0.0039
2018-12-12,0.0022
2018-12-13,0.0008
2018-12-14,-0.0266
2018-12-17,-0.0146
2018-12-18,-0.0108
2018-12-19,-0.0113
2018-12-20,-0.0061
2018-12-21,-0.0161
2018-12-24,-0.0244
2018-12-26,0.0316
2018-12-27,0.0087
2018-12-28,-0.003
2018-12-31,0.006
2019-01-03,-0.0165
2019-01-04,0.0297
2019-01-07,0.0071
2019-01-08,0.0041
2019-01-09,0.0034
2019-01-10,0.0033
2019-01-11,-0.0045
2019-01-14,-0.0093
2019-01-15,0.013
2019-01-16,-0.0038
2019-01-17,0.0071
2019-01-18,0.0089
2019-01-22,-0.0079
2019-01-23,0.0019
2019-01-24,-0.0065
2019-01-25,0.0085
2019-01-28,-0.0119
2019-01-29,0.0004
2019-01-30,0.001
2019-01-31,0.0095
2019-02-04,0.0064
2019-02-05,-0.0004
2019-02-06,0.0002
2019-02-07,-0.0036
2019-02-08,0.0076
2019-02-11,0.0044
2019-02-12,0.0132
2019-02-13,-0.0007
2019-02-14,0.0046
2019-02-15,0.0091
2019-02-19,0.0018
2019-02-20,0.0016
2019-02-21,0.0003
2019-02-22,0.0066
2019-02-25,0.0007
2019-02-26,-0.0004
2019-02-27,-0.0026
2019-02-28,0.001
2019-03-04,-0.0076
2019-03-05,0
2019-03-06,-0.0038
2019-03-07,-0.0063
2019-03-08,-0.0022
2019-03-11,0.0147
2019-03-12,0.005
2019-03-13,0.0068
2019-03-14,0.0041
2019-03-15,0.0011
2019-03-18,0.0004
2019-03-19,0.0018
2019-03-20,-0.0009
2019-03-21,0.0139
2019-03-22,-0.0145
2019-03-25,0.0016
2019-03-26,0.0105
2019-03-27,-0.0059
2019-03-28,0.0056
2019-03-29,0.0066
2019-04-02,0.0003
2019-04-03,0.0005
2019-04-04,-0.0084
2019-04-05,0.0043
2019-04-08,0.003
2019-04-09,-0.0036
2019-04-10,0.0071
2019-04-11,0
2019-04-12,0.0113
2019-04-15,-0.0011
2019-04-16,-0.0019
2019-04-17,-0.0008
2019-04-18,0.0017
2019-04-22,-0.0044
2019-04-23,0.008
2019-04-24,0.0015
2019-04-25,0.0061
2019-04-26,-0.0016
2019-04-29,-0.0003
2019-04-30,0.0094
2019-05-02,-0.0055
2019-05-03,0.0118
2019-05-06,-0.0037
2019-05-07,-0.0152
2019-05-08,-0.0016
2019-05-09,0.0015
2019-05-10,0.0087
2019-05-13,-0.0254
2019-05-14,0.016
2019-05-15,0.0073
2019-05-16,0.0099
2019-05-17,-0.006
2019-05-20,-0.0167
2019-05-21,0.0079
2019-05-22,-0.0073
2019-05-23,-0.0178
2019-05-24,0.0029
2019-05-28,-0.0019
2019-05-29,-0.0072
2019-05-30,0.0047
2019-05-31,-0.0112
2019-06-04,0.0179
2019-06-05,0.0188
2019-06-06,0.0075
2019-06-07,0.0129
2019-06-10,0.0023
2019-06-11,-0.0055
2019-06-12,0.004
2019-06-13,-0.0005
2019-06-14,0.0033
2019-06-17,-0.001
2019-06-18,0.0029
2019-06-19,0.0068
2019-06-20,0.0099
2019-06-21,-0.0057
2019-06-24,-0.0003
2019-06-25,-0.0079
2019-06-26,-0.0086
2019-06-27,0.0018
2019-06-28,0.005
2019-07-02,0.0092
2019-07-03,0.0114
2019-07-05,-0.0017
2019-07-08,-0.0017
2019-07-09,0.0022
2019-07-10,0.0054
2019-07-11,0.0027
2019-07-12,-0.0038
2019-07-15,0.0021
2019-07-16,-0.0056
2019-07-17,-0.0029
2019-07-18,0.0039
2019-07-19,-0.0063
2019-07-22,0.0054
2019-07-23,0.0004
2019-07-24,0.0031
2019-07-25,-0.0081
2019-07-26,0.0145
2019-07-29,-0.0053
2019-07-30,-0.0061
2019-07-31,-0.0189
2019-08-02,-0.0117
2019-08-05,-0.0347
2019-08-06,0.0179
2019-08-07,0.0102
2019-08-08,0.0189
2019-08-09,-0.0055
2019-08-12,-0.0129
2019-08-13,0.0176
2019-08-14,-0.0296
2019-08-15,0.0031
2019-08-16,0.0124
2019-08-19,0.01
2019-08-20,-0.0068
2019-08-21,0.0121
2019-08-22,-0.0001
2019-08-23,-0.0235
2019-08-26,0.0155
2019-08-27,0.0081
2019-08-28,0.004
2019-08-29,0.0119
2019-08-30,-0.0031
2019-09-04,0.0175
2019-09-05,0.0118
2019-09-06,0.0077
2019-09-09,-0.0044
2019-09-10,-0.0083
2019-09-11,0.0061
2019-09-12,-0.0003
2019-09-13,-0.0077
2019-09-16,-0.0065
2019-09-17,0.0071
2019-09-18,0.0002
2019-09-19,-0.0032
2019-09-20,-0.0095
2019-09-23,0.0022
2019-09-24,-0.0073
2019-09-25,0.007
2019-09-26,0.0016
2019-09-27,-0.0135
2019-09-30,0.0086
2019-10-02,-0.0121
2019-10-03,0.0112
2019-10-04,0.0174
2019-10-07,-0.0046
2019-10-08,-0.0088
2019-10-09,0.0104
2019-10-10,0.0023
2019-10-11,0.002
2019-10-14,-0.0029
2019-10-15,0.0038
2019-10-16,0.0001
2019-10-17,0.0043
2019-10-18,-0.0035
2019-10-21,0.0009
2019-10-22,-0.0066
2019-10-23,-0.0011
2019-10-24,0.0042
2019-10-25,0.0067
2019-10-28,0.0011
2019-10-29,-0.0045
2019-10-30,0.004
2019-10-31,0.0005
2019-11-04,0.0066
2019-11-05,-0.0034
2019-11-06,-0.0033
2019-11-07,0.0077
2019-11-08,0.0072
2019-11-11,-0.0008
2019-11-12,0.0067
2019-11-13,0.0017
2019-11-14,0.0029
2019-11-15,0.0058
2019-11-18,-0.0016
2019-11-19,0.0027
2019-11-20,-0.0089
2019-11-21,-0.0024
2019-11-22,-0.0019
2019-11-25,0.0107
2019-11-26,0.0023
2019-11-27,0.0073
2019-11-29,-0.0052
2019-12-03,-0.0073
2019-12-04,-0.0013
2019-12-05,0.0049
2019-12-06,0.0097
2019-12-09,-0.0019
2019-12-10,-0.0026
2019-12-11,0.0084
2019-12-12,0.0106
2019-12-13,-0.0009
2019-12-16,0.0203
2019-12-17,0.0065
2019-12-18,0.0095
2019-12-19,0.0131
2019-12-20,0.004
2019-12-23,0.0058
2019-12-24,0.0011
2019-12-26,0.0012
2019-12-27,-0.0039
2019-12-30,-0.0147
2019-12-31,0.0036
2020-01-03,-0.0065
2020-01-06,0.0049
2020-01-07,0.0032
2020-01-08,0.01
2020-01-09,0.008
2020-01-10,-0.0037
2020-01-13,0.0192
2020-01-14,-0.0024
2020-01-15,-0.0045
2020-01-16,0.009
2020-01-17,0.0067
2020-01-21,0.0039
2020-01-22,0.0114
2020-01-23,0.0042
2020-01-24,0.0017
2020-01-27,-0.0289
2020-01-28,0.0179
2020-01-29,-0.0002
2020-01-30,0.0078
2020-01-31,-0.0266
2020-02-04,0.0197
2020-02-05,-0.004
2020-02-06,0.008
2020-02-07,-0.0011
2020-02-10,0.0103
2020-02-11,-0.0025
2020-02-12,0.0069
2020-02-13,0.0044
2020-02-14,0.0058
2020-02-18,0.006
2020-02-19,0.0063
2020-02-20,-0.0069
2020-02-21,-0.0125
2020-02-24,-0.0326
2020-02-25,-0.0264
2020-02-26,0.0003
2020-02-27,-0.0483
2020-02-28,-0.0079
2020-03-03,-0.0242
2020-03-04,0.0466
2020-03-05,-0.0281
2020-03-06,-0.0075
2020-03-09,-0.062
2020-03-10,0.0378
2020-03-11,-0.0416
2020-03-12,-0.101
2020-03-13,0.0856
2020-03-16,-0.1078
2020-03-17,0.0846
2020-03-18,-0.0507
2020-03-19,0.014
2020-03-20,-0.0466
2020-03-23,0.0082
2020-03-24,0.0781
2020-03-25,-0.015
2020-03-26,0.0647
2020-03-27,-0.0364
2020-03-30,0.0418
2020-03-31,-0.0177
2020-04-02,0.0072
2020-04-03,-0.0109
2020-04-06,0.0797
2020-04-07,-0.0034
2020-04-08,0.0158
2020-04-09,0.0043
2020-04-13,0.027
2020-04-14,0.0563
2020-04-15,-0.0022
2020-04-16,0.0299
2020-04-17,-0.002
2020-04-20,-0.0122
2020-04-21,-0.0472
2020-04-22,0.0406
2020-04-23,-0.0107
2020-04-24,0.0182
2020-04-27,0.0181
2020-04-28,-0.024
2020-04-29,0.0244
2020-04-30,-0.0106
2020-05-04,0.0253
2020-05-05,0.0117
2020-05-06,0.0063
2020-05-07,0.0119
2020-05-08,0.0201
2020-05-11,0.0114
2020-05-12,-0.0167
2020-05-13,-0.0087
2020-05-14,0.0143
2020-05-15,0.0117
2020-05-18,0.0265
2020-05-19,-0.004
2020-05-20,0.0143
2020-05-21,-0.0125
2020-05-22,-0.0038
2020-05-26,-0.0042
2020-05-27,0.0003
2020-05-28,-0.0035
2020-05-29,0.0292
2020-06-02,0.0082
2020-06-03,0.0103
2020-06-04,-0.0083
2020-06-05,0.0228
2020-06-08,0.0055
2020-06-09,0.0094
2020-06-10,0.0327
2020-06-11,-0.0504
2020-06-12,0.0138
2020-06-15,0.024
2020-06-16,0.0141
2020-06-17,0.0072
2020-06-18,-0.0013
2020-06-19,-0.0027
2020-06-22,0.0174
2020-06-23,0.0056
2020-06-24,-0.017
2020-06-25,0.0134
2020-06-26,-0.0207
2020-06-29,0.0076
2020-06-30,0.0236
2020-07-02,0.011
2020-07-06,0.0265
2020-07-07,-0.0034
2020-07-08,0.0212
2020-07-09,0.0159
2020-07-10,0.0047
2020-07-13,-0.0306
2020-07-14,0.0124
2020-07-15,-0.0057
2020-07-16,-0.0081
2020-07-17,0.0038
2020-07-20,0.0342
2020-07-21,-0.0165
2020-07-22,0.0124
2020-07-23,-0.0304
2020-07-24,0.0042
2020-07-27,0.0305
2020-07-28,-0.0183
2020-07-29,0.026
2020-07-30,0.0092
2020-07-31,0.0196
2020-08-04,0.0154
2020-08-05,0.0066
2020-08-06,0.0046
2020-08-07,-0.0062
2020-08-10,-0.0116
2020-08-11,-0.0258
2020-08-12,0.0401
2020-08-13,0.0097
2020-08-14,-0.0009
2020-08-17,0.0282
2020-08-18,0.0045
2020-08-19,-0.0047
2020-08-20,0.0146
2020-08-21,0.0169
2020-08-24,0.0016
2020-08-25,0.0048
2020-08-26,0.008
2020-08-27,-0.002
2020-08-28,0.0109
2020-08-31,0.0299
2020-09-02,-0.005
2020-09-03,-0.0664
2020-09-04,-0.0169
2020-09-08,-0.0566
2020-09-09,0.0463
2020-09-10,-0.0248
2020-09-11,-0.0136
2020-09-14,0.0273
2020-09-15,0.0068
2020-09-16,-0.0249
2020-09-17,-0.0164
2020-09-18,-0.0038
2020-09-21,0.0234
2020-09-22,0.0204
2020-09-23,-0.0347
2020-09-24,-0.001
2020-09-25,0.0321
2020-09-28,0.0195
2020-09-29,-0.004
2020-09-30,0.0131
2020-10-02,-0.036
2020-10-05,0.0251
2020-10-06,-0.0123
2020-10-07,0.0268
2020-10-08,-0.0034
2020-10-09,0.019
2020-10-12,0.0307
2020-10-13,0.0107
2020-10-14,-0.0141
2020-10-15,-0.0012
2020-10-16,0.0008
2020-10-19,-0.01
2020-10-20,0.0117
2020-10-21,-0.0077
2020-10-22,-0.0139
2020-10-23,0.0028
2020-10-26,-0.0098
2020-10-27,0.0119
2020-10-28,-0.0301
2020-10-29,0.0257
2020-10-30,-0.0465
2020-11-03,0.0123
2020-11-04,0.0594
2020-11-05,0.0378
2020-11-06,0.01
2020-11-09,-0.0506
2020-11-10,-0.0322
2020-11-11,0.0381
2020-11-12,0.0198
2020-11-13,0.0268
2020-11-16,-0.0073
2020-11-17,-0.0111
2020-11-18,-0.0012
2020-11-19,0.008
2020-11-20,0.0079
2020-11-23,0.0067
2020-11-24,0.0131
2020-11-25,0.0022
2020-11-27,0.0159
2020-11-30,-0.0073
2020-12-02,0.0013
2020-12-03,0.0058
2020-12-04,0.0102
2020-12-07,0.0054
2020-12-08,0.0041
2020-12-09,-0.0324
2020-12-10,0.0163
2020-12-11,-0.0148
2020-12-14,0.0076
2020-12-15,0.0147
2020-12-16,0.0088
2020-12-17,0.0112
2020-12-18,-0.0007
2020-12-21,-0.0083
2020-12-22,0.0065
2020-12-23,-0.0081
2020-12-24,0.0087
2020-12-28,-0.0102
2020-12-29,0.0133
2020-12-30,0.0191
2020-12-31,-0.0048
2021-01-05,0.0138
2021-01-06,-0.0132
2021-01-07,0.0305
2021-01-08,0.0293
2021-01-11,-0.0189
2021-01-12,0.0023
2021-01-13,0.011
2021-01-14,0.0019
2021-01-15,-0.0181
2021-01-19,0.0207
2021-01-20,0.0157
2021-01-21,0.0054
2021-01-22,-0.004
2021-01-25,0.014
2021-01-26,-0.0088
2021-01-27,-0.0383
2021-01-28,0.008
2021-01-29,-0.0243
