Date,Open,High,Low,Close,Volume
2019-01-02,7.610867000000002,7.7985647,7.565156299999998,7.748369399999998,427906.966
2019-01-03,7.642076899999998,7.693958500000001,7.4793185,7.522517699999997,577492.746
2019-01-04,7.656046900000001,7.889033799999999,7.622241099999999,7.837956400000001,607860.49
2019-01-07,7.854558000000001,8.0095891,7.800584000000002,7.9436285999999985,472664.306
2019-01-08,8.009826799999999,8.083083399999998,7.869148600000003,8.004010800000001,490703.203
2019-01-09,8.0899487,8.236084599999998,8.0435861,8.161338500000001,568627.826
2019-01-10,8.095350700000001,8.221697699999998,8.042964699999999,8.1923029,453137.913
2019-01-11,8.1408092,8.235472099999999,8.074107899999998,8.165604,453127.37
2019-01-14,8.077375700000001,8.167325900000002,8.0076834,8.091258599999998,501935.571
2019-01-15,8.120573899999998,8.2519876,8.088934000000002,8.1858034,473755.699
2019-01-16,8.1934302,8.279575900000001,8.138109700000001,8.217135599999999,437221.564
2019-01-17,8.155845800000002,8.314765299999998,8.119932000000002,8.253269800000002,528473.673
2019-01-18,8.3366483,8.450010399999995,8.263612200000003,8.379267699999998,578089.776
2019-01-22,8.288781500000004,8.329223300000002,8.1326115,8.212791,582545.566
2019-01-23,8.2869579,8.3352149,8.1374194,8.215168999999998,445354.872
2019-01-24,8.239268099999997,8.349274300000001,8.191863,8.3084007,481481.94
2019-01-25,8.4158066,8.511975099999995,8.363648500000004,8.455808799999996,611013.665
2019-01-28,8.3512988,8.475854,8.287294700000002,8.4381402,462203.678
2019-01-29,8.448335299999998,8.500539299999998,8.340405599999997,8.416808799999998,467562.569
2019-01-30,8.4824747,8.646297999999998,8.424979399999998,8.600075099999996,639607.868
2019-01-31,8.589551799999999,8.718433600000003,8.535384799999997,8.6538224,526901.858
2019-02-01,8.672653100000003,8.764434299999998,8.618107899999998,8.711898900000001,380386.448
2019-02-04,8.6987983,8.782954899999998,8.638638000000002,8.743016199999998,327417.346
2019-02-05,8.785393299999997,8.885706899999997,8.739812900000002,8.8300916,408098.917
2019-02-06,8.819336699999996,8.902277299999998,8.755661899999998,8.830424199999996,407579.465
2019-02-07,8.745962099999998,8.7927717,8.598791499999999,8.6958715,431649.181
2019-02-08,8.616161200000002,8.732330800000002,8.558257600000001,8.694180499999998,320076.086
2019-02-11,8.711119699999998,8.7759245,8.6403883,8.684175299999998,330275.971
2019-02-12,8.739962599999998,8.873171199999996,8.698858499999996,8.825377200000004,381570.923
2019-02-13,8.855133000000004,8.9229961,8.789683199999999,8.8303992,361586.53
2019-02-14,8.801649300000001,8.8919992,8.752807800000001,8.843375600000003,373459.078
2019-02-15,8.907575999999999,8.943552399999998,8.803804099999999,8.8743617,398400.124
2019-02-19,8.840469500000001,8.975247500000002,8.810611199999995,8.915132700000004,423561.56
2019-02-20,8.9315755,9.0352415,8.8909045,8.964566399999995,401750.335
2019-02-21,8.947062299999995,8.9912766,8.870629199999996,8.943000900000005,351237.768
2019-02-22,8.985575800000003,9.090743400000003,8.937701499999998,9.0614437,430811.467
2019-02-25,9.1461884,9.218571899999997,9.082452899999998,9.137070599999998,516982.224
2019-02-26,9.0772446,9.172918,9.0212799,9.1081714,393978.718
2019-02-27,9.142048299999999,9.2904207,9.079027399999998,9.236846899999998,457349.54
2019-02-28,9.2068296,9.2859467,9.142553599999998,9.2170953,590353.035
2019-03-01,9.289448000000002,9.374545800000005,9.1658251,9.231918000000002,495095.841
2019-03-04,9.263446499999997,9.319467100000002,9.121922699999999,9.244932099999993,465016.161
2019-03-05,9.2476828,9.353271800000003,9.170642800000001,9.245431299999998,414710.172
2019-03-06,9.266652099999996,9.309220899999996,9.163941799999998,9.211359499999999,349040.884
2019-03-07,9.155550500000006,9.187841199999998,9.004134499999996,9.061099700000002,449447.284
2019-03-08,8.937496499999998,9.071439600000001,8.900783500000003,9.0484655,435699.67
2019-03-11,9.085846000000002,9.2762393,9.063985499999998,9.242183599999997,394737.296
2019-03-12,9.270471799999997,9.3273931,9.182634899999996,9.2676116,356560.171
2019-03-13,9.323689099999996,9.432408600000002,9.2707995,9.3569918,345290.106
2019-03-14,9.3350084,9.395641700000004,9.264827799999999,9.3322571,320467.756
2019-03-15,9.382897299999994,9.488430299999997,9.330648600000002,9.431116300000001,465222.491
2019-03-18,9.4315611,9.487777000000003,9.349860199999997,9.427487700000004,318013.075
2019-03-19,9.464364199999997,9.520692099999993,9.3604341,9.419397699999994,379211.04
2019-03-20,9.415965000000002,9.508922000000002,9.323657599999997,9.4472014,387771.404
2019-03-21,9.397241500000002,9.5591546,9.370742700000001,9.525167399999999,358254.269
2019-03-22,9.435394500000003,9.477248400000002,9.265990999999998,9.3060389,409648.237
2019-03-25,9.278236,9.382665000000001,9.211940100000003,9.3178457,320683.758
2019-03-26,9.381033600000002,9.453248799999997,9.3102064,9.370909099999999,363050.587
2019-03-27,9.357424499999999,9.420212000000003,9.229553299999997,9.2943486,402032.139
2019-03-28,9.380443600000001,9.4812976,9.306635,9.4199987,352046.195
2019-03-29,9.489559199999999,9.5750875,9.419267500000004,9.529280799999999,560573.956
2019-04-01,9.629900999999998,9.717718800000004,9.547660200000003,9.630916899999999,471121.722
2019-04-02,9.639605499999991,9.703628899999995,9.5610698,9.625713800000002,390212.519
2019-04-03,9.687934799999997,9.780809899999994,9.604665999999996,9.684335699999998,528721.193
2019-04-04,9.6761998,9.758305799999997,9.572083200000003,9.687604299999997,431653.467
2019-04-05,9.739429899999994,9.811326099999999,9.681747600000003,9.7572967,424056.105
2019-04-08,9.763413999999997,9.852208999999998,9.7107775,9.820367100000002,368186.79
2019-04-09,9.770769900000003,9.834401999999999,9.703924500000003,9.755038500000003,382944.837
2019-04-10,9.744386899999999,9.807335699999996,9.659197500000001,9.746691199999999,398171.821
2019-04-11,9.716897399999997,9.772781899999998,9.640818199999998,9.703017,351448.966
2019-04-12,9.7740619,9.841338200000001,9.727215100000002,9.795401299999998,441522.995
2019-04-15,9.772353500000005,9.8356188,9.671656100000002,9.742253499999999,400107.678
2019-04-16,9.788985199999996,9.843216400000003,9.669804000000001,9.7467564,410688.195
2019-04-17,9.806689599999999,9.858017600000007,9.659972800000004,9.751536099999997,488597.583
2019-04-18,9.750717000000002,9.813286899999994,9.6550566,9.772852099999998,424726.74
2019-04-22,9.7129388,9.790838900000002,9.662917899999998,9.740221499999997,364443.875
2019-04-23,9.717575600000002,9.856919800000002,9.689113899999999,9.815911199999999,450458.207
2019-04-24,9.856442400000002,9.9211782,9.720802999999998,9.791280600000002,395251.856
2019-04-25,9.779416700000002,9.8578896,9.647889299999997,9.799172700000003,398111.648
2019-04-26,9.787518700000003,9.8788703,9.706559400000002,9.8302466,425807.786
2019-04-29,9.840183899999998,9.914951899999997,9.768954800000001,9.852352099999996,351058.325
2019-04-30,9.8600357,10.000124400000002,9.773729900000003,9.9181285,503327.782
2019-05-01,9.947446799999998,10.061182900000002,9.831490299999999,9.885669300000005,432976.803
2019-05-02,9.882191500000003,10.0054416,9.789044,9.903869000000002,419341.914
2019-05-03,10.045305200000001,10.232115400000005,9.9898419,10.178314399999994,407497.128
2019-05-06,9.911876199999996,10.093890999999994,9.870279399999996,10.044767199999997,521315.078
2019-05-07,9.950581400000004,9.983671699999997,9.720645600000003,9.808981600000003,557716.998
2019-05-08,9.802259299999998,9.929507200000003,9.7436347,9.811805299999996,433230.39
2019-05-09,9.682930400000004,9.8279395,9.567005499999997,9.770601000000003,577186.382
2019-05-10,9.780429200000002,9.9066428,9.621376900000003,9.833587099999999,631982.797
2019-05-13,9.5798031,9.666585100000004,9.485064599999998,9.556617299999996,619548.082
2019-05-14,9.6326326,9.786219,9.58011,9.731463500000002,493184.319
2019-05-15,9.679969400000006,9.921191200000004,9.637364199999999,9.842159900000002,576361.178
2019-05-16,9.887210499999998,10.055008200000003,9.837034199999996,9.977013400000006,476717.856
2019-05-17,9.8474278,9.9390689,9.7484994,9.800350099999998,539581.126
2019-05-20,9.6517195,9.721159999999992,9.520514999999998,9.597094300000004,646323.367
2019-05-21,9.694690300000001,9.763004599999997,9.6276528,9.7037381,492695.675
2019-05-22,9.664840600000002,9.788148600000003,9.581475900000001,9.656279699999995,490901.164
2019-05-23,9.537232299999998,9.633447400000003,9.437210299999998,9.5452749,598703.874
2019-05-24,9.635309600000003,9.7172335,9.5608259,9.621232299999999,479273.823
2019-05-28,9.661264700000004,9.750306300000004,9.5684412,9.6111526,662272.614
2019-05-29,9.530192599999994,9.588382700000006,9.380991400000005,9.466050800000003,589213.335
2019-05-30,9.485672099999992,9.5851408,9.4381728,9.504266800000002,407728.858
2019-05-31,9.396491399999997,9.486678400000002,9.336181600000002,9.407717900000002,526449.285
2019-06-03,9.4390674,9.570544900000005,9.331802799999993,9.422742000000001,544625.091
2019-06-04,9.490208299999999,9.627406500000003,9.386736299999999,9.564874700000003,504974.105
2019-06-05,9.631429500000003,9.720672800000004,9.474604499999998,9.6179355,463314.275
2019-06-06,9.639741500000003,9.755829200000003,9.576401899999999,9.699830100000002,359775.364
2019-06-07,9.771515999999998,9.955893300000001,9.736653999999993,9.867411300000004,382760.716
2019-06-10,9.978612400000001,10.102636000000006,9.901734199999996,9.975202400000002,537898.734
2019-06-11,10.108811599999996,10.1678765,9.9475737,10.011283700000002,464409.762
2019-06-12,9.9793158,10.088975299999994,9.908406299999998,9.995976699999996,370249.107
2019-06-13,10.064127300000003,10.106880999999998,9.961507600000001,10.048004400000002,368066.56
2019-06-14,9.960214200000005,10.015191999999999,9.8582403,9.934277799999998,363324.721
2019-06-17,9.941186799999997,10.019343899999999,9.866136400000002,9.938737799999998,321265.88
2019-06-18,10.048664699999996,10.209028700000005,9.990175899999999,10.106884400000002,598719.259
2019-06-19,10.131793400000006,10.264325500000002,10.0298112,10.198925200000001,444581.46
2019-06-20,10.3836734,10.465324299999997,10.202475399999997,10.301459800000003,508120.575
2019-06-21,10.2834304,10.3541215,10.201462599999996,10.263732599999997,500223.654
2019-06-24,10.276018100000002,10.340310900000004,10.1691621,10.2388528,345379.181
2019-06-25,10.230376399999997,10.257832600000004,10.0297661,10.072426999999996,395104.743
2019-06-26,10.1623991,10.244845200000002,10.059310299999996,10.123509100000003,474214.842
2019-06-27,10.124558200000001,10.232938299999997,10.079268499999996,10.183280199999999,420210.503
2019-06-28,10.238428100000004,10.288405399999998,10.132617299999994,10.223641299999995,475532.703
2019-07-01,10.438822600000007,10.507678300000002,10.306358899999998,10.387834399999997,511722.374
2019-07-02,10.381244700000002,10.481271,10.325117300000004,10.431810299999999,344261.284
2019-07-03,10.441737100000001,10.5052088,10.3675835,10.4639469,234975.643
2019-07-05,10.354178499999996,10.422408999999996,10.255277300000001,10.384478200000007,317501.689
2019-07-08,10.3276669,10.3998499,10.245983599999997,10.311262600000003,360431.693
2019-07-09,10.2632152,10.363534199999995,10.227345100000003,10.330877800000003,376121.334
2019-07-10,10.405885499999998,10.4674981,10.2722799,10.330930800000003,385340.858
2019-07-11,10.35059,10.400270899999999,10.246942900000002,10.328200200000001,344227.646
2019-07-12,10.343602899999997,10.434621800000002,10.263883600000002,10.373644599999999,440950.851
2019-07-15,10.419272699999997,10.521255300000004,10.342411299999998,10.4444175,391388.719
2019-07-16,10.4426543,10.495859500000003,10.324831299999998,10.374188600000002,372176.01
2019-07-17,10.450036400000002,10.5532423,10.360830799999999,10.431272900000003,357380.153
2019-07-18,10.4454466,10.580684200000002,10.385402299999999,10.532777600000005,424886.35
2019-07-19,10.547755399999998,10.6149968,10.432226299999998,10.456011499999994,390087.65
2019-07-22,10.507808500000001,10.590004500000003,10.4512918,10.526034300000003,385605.81
2019-07-23,10.590345399999999,10.670115599999999,10.491448199999995,10.601454099999998,410927.45
2019-07-24,10.5584156,10.694117200000004,10.4954719,10.662200999999998,398325.607
2019-07-25,10.645807899999998,10.694824099999998,10.499336699999997,10.570724299999998,417796.073
2019-07-26,10.6027906,10.6868672,10.546528400000005,10.625488399999998,343966.143
2019-07-29,10.6285464,10.673965699999998,10.494236500000001,10.5766854,377601.258
2019-07-30,10.464195999999996,10.5560231,10.3726522,10.456140800000005,349080.234
2019-07-31,10.4331806,10.510181300000003,10.1974097,10.329342800000001,440788.896
2019-08-01,10.381540199999996,10.586661500000003,10.158986500000001,10.281945800000003,629710.257
2019-08-02,10.2298874,10.275065499999998,10.043456000000003,10.148589199999998,526352.447
2019-08-05,9.934724700000004,10.0215885,9.713451899999999,9.8110991,598920.112
2019-08-06,9.937481499999999,10.031363599999999,9.813943600000002,9.955120299999997,546072.062
2019-08-07,9.877198600000003,10.067863900000003,9.791937000000003,10.035900800000002,463328.834
2019-08-08,10.149203899999996,10.380699999999997,10.094922600000002,10.340165100000002,443588.34
2019-08-09,10.2698765,10.3736025,10.153103900000007,10.272967100000004,313732.379
2019-08-12,10.1107462,10.201087200000002,9.965113300000002,10.094767499999996,346339.094
2019-08-13,10.113580000000002,10.387421400000003,10.0312274,10.278994899999999,623874.389
2019-08-14,10.063029800000004,10.159767299999997,9.905756400000003,9.973972800000004,544938.736
2019-08-15,10.048639300000001,10.141114999999997,9.912203899999996,10.019780499999998,572576.532
2019-08-16,10.102178699999998,10.277332899999998,10.050617299999994,10.2158282,459219.147
2019-08-19,10.350313199999999,10.414080100000001,10.208744599999998,10.283378399999997,374494.17
2019-08-20,10.269815200000005,10.371391400000004,10.181904199999998,10.278498899999999,365366.753
2019-08-21,10.382818299999997,10.4706801,10.301583200000001,10.382580800000001,347667.244
2019-08-22,10.3614335,10.403832899999994,10.195823800000001,10.289556300000005,343888.966
2019-08-23,10.225321300000001,10.345808099999998,10.000656800000003,10.054857000000004,493646.62
2019-08-26,10.152067199999998,10.224391299999999,10.075688100000004,10.165132500000002,294153.044
2019-08-27,10.243533799999998,10.309391899999998,10.121685199999998,10.1901315,321866.337
2019-08-28,10.1549432,10.25426740000001,10.062502299999998,10.184426899999998,276351.856
2019-08-29,10.316577899999997,10.406588500000002,10.243602900000003,10.320383499999997,324622.107
2019-08-30,10.413825100000002,10.4591956,10.2442645,10.358737300000001,328233.134
2019-09-03,10.266751800000002,10.353738300000005,10.170238800000002,10.2387172,311860.664
2019-09-04,10.3648875,10.442698100000005,10.291355300000003,10.376287599999996,297993.671
2019-09-05,10.510133,10.6216884,10.448505300000003,10.564689800000002,398813.137
2019-09-06,10.5931501,10.669544299999995,10.4926602,10.552675599999995,293630.734
2019-09-09,10.588131899999992,10.632854299999996,10.316109300000003,10.432497400000003,302206.516
2019-09-10,10.3178929,10.411598399999999,10.146630899999996,10.299966900000003,374805.269
2019-09-11,10.3073664,10.4713821,10.243500599999997,10.409331199999999,349882.924
2019-09-12,10.483405999999997,10.598716200000005,10.4054962,10.519813999999995,384505.547
2019-09-13,10.555389200000002,10.605320500000001,10.437542800000003,10.485399399999999,321549.844
2019-09-16,10.394804200000001,10.483575999999996,10.302307200000001,10.390411799999997,306347.089
2019-09-17,10.358421900000002,10.4880763,10.305512400000003,10.431108499999999,317122.195
2019-09-18,10.430440599999995,10.482727699999993,10.286790600000002,10.41668420000001,269548.749
2019-09-19,10.455725900000006,10.56028,10.397065299999998,10.4356922,353451.861
2019-09-20,10.471276699999999,10.5446182,10.295102199999997,10.373180599999998,529834.022
2019-09-23,10.3359298,10.423657199999997,10.2449024,10.3114465,340336.988
2019-09-24,10.347773999999998,10.410084999999999,10.103130100000003,10.160536799999997,434887.886
2019-09-25,10.124089700000004,10.333123999999996,10.053392900000002,10.297475200000001,393869.61
2019-09-26,10.322778500000002,10.404209699999996,10.2021182,10.313334099999995,419195.506
2019-09-27,10.342729399999996,10.381918799999998,10.0612719,10.154666800000001,588044.484
2019-09-30,10.208757799999999,10.327118400000003,10.1373998,10.251635900000002,391146.612
2019-10-01,10.272952600000002,10.345328300000002,10.091753299999997,10.1494744,411263.109
2019-10-02,10.048554799999998,10.105999999999996,9.865939599999997,9.983608900000005,390213.003
2019-10-03,9.990071000000006,10.155050900000003,9.873146200000004,10.130308099999997,345195.038
2019-10-04,10.155186999999998,10.258865500000002,10.0796836,10.219658800000003,279658.837
2019-10-07,10.194334900000001,10.297585700000003,10.118603700000003,10.172239799999998,367205.762
2019-10-08,10.067309000000002,10.113975799999999,9.889877799999999,9.916043799999999,440077.171
2019-10-09,10.024007599999997,10.11005,9.953973299999996,10.041744699999999,341706.301
2019-10-10,10.067892599999997,10.251184900000002,10.013683100000002,10.1627367,387841.54
2019-10-11,10.3547391,10.519699300000001,10.302992900000003,10.391842700000003,505419.949
2019-10-14,10.375592900000001,10.483481199999995,10.323906999999997,10.414421000000003,313198.276
2019-10-15,10.465904600000004,10.630564099999999,10.4303316,10.558814500000008,445700.971
2019-10-16,10.512486900000004,10.583458199999999,10.352345799999997,10.433238399999999,430627.049
2019-10-17,10.5071898,10.5626057,10.390433299999996,10.447811100000001,409440.061
2019-10-18,10.450210600000004,10.499994600000003,10.272243800000004,10.326316600000002,399771.196
2019-10-21,10.399871,10.503749500000003,10.327226900000001,10.449045200000002,447444.576
2019-10-22,10.454928200000001,10.5310333,10.245114500000001,10.295329300000002,458298.581
2019-10-23,10.283657700000001,10.397502099999995,10.2117406,10.319438899999998,348942.794
2019-10-24,10.398065900000002,10.537636100000002,10.343189400000002,10.488483600000002,378186.478
2019-10-25,10.454433899999998,10.568754699999989,10.388417500000006,10.492010100000003,362382.979
2019-10-28,10.5763952,10.691407399999997,10.490387599999995,10.581756699999994,395013.366
2019-10-29,10.540633999999999,10.673246600000002,10.446834899999994,10.5678079,363010.332
2019-10-30,10.545054200000003,10.667450699999998,10.453618200000005,10.639161699999999,336324.285
2019-10-31,10.6275776,10.6780332,10.439464199999998,10.5261646,406213.875
2019-11-01,10.610364299999997,10.734925800000005,10.481466499999994,10.579753000000004,462491.915
2019-11-04,10.707702500000002,10.789696299999997,10.550614200000004,10.655349500000002,673826.399
2019-11-05,10.668678599999998,10.740003000000005,10.541530800000002,10.610835399999997,476591.758
2019-11-06,10.631442399999997,10.725762199999997,10.5492821,10.636252899999997,365554.635
2019-11-07,10.700459900000007,10.784390699999998,10.600361099999995,10.676192900000004,436542.234
2019-11-08,10.661026400000003,10.775436599999999,10.5982608,10.725310999999998,437459.406
2019-11-11,10.650478900000003,10.757867399999993,10.586960300000003,10.718698200000002,380843.49
2019-11-12,10.7321657,10.831286799999999,10.681861699999997,10.754065299999997,372893.404
2019-11-13,10.733417499999998,10.8602824,10.6556485,10.801444500000004,335266.516
2019-11-14,10.774985599999996,10.9011234,10.718509700000002,10.844407800000004,330704.123
2019-11-15,10.911199699999996,10.994216199999999,10.848555299999997,10.9477577,429912.149
2019-11-18,10.937330900000003,11.0317661,10.8335187,10.918460700000004,349175.642
2019-11-19,10.959125100000001,11.0027246,10.818073099999998,10.898521600000006,353322.476
2019-11-20,10.854265999999996,10.946078500000002,10.760375799999995,10.854869,367163.146
2019-11-21,10.855867199999997,10.948792000000005,10.783817899999999,10.878983799999999,297924.437
2019-11-22,10.934238300000004,10.983307600000002,10.8099378,10.906998899999996,299591.821
2019-11-25,10.955963099999996,11.093859800000004,10.924532500000002,11.056142399999997,403537.745
2019-11-26,11.062085900000001,11.191940099999997,10.995314199999997,11.1461002,671738.396
2019-11-27,11.168842500000002,11.263577599999998,11.102826199999999,11.237463500000002,445605.276
2019-11-29,11.2120006,11.269404399999999,11.125477099999992,11.179313600000004,290798.49
2019-12-02,11.1540534,11.172946499999998,10.903813199999998,11.0525903,405525.58
2019-12-03,10.900780399999999,11.069138200000003,10.833260899999997,11.044044299999998,383235.022
2019-12-04,11.112014599999997,11.229899600000005,11.041472799999998,11.132664900000004,381398.773
2019-12-05,11.183092200000003,11.282962400000004,11.098557300000003,11.210934300000002,423519.379
2019-12-06,11.325995,11.390508799999994,11.242492399999998,11.314052799999999,313392.574
2019-12-09,11.322883700000006,11.4292773,11.240418800000002,11.279002299999998,357564.613
2019-12-10,11.297877,11.382370999999997,11.2270848,11.295941499999996,317653.575
2019-12-11,11.312597599999997,11.439471099999997,11.2399914,11.392851800000004,383065.652
2019-12-12,11.380245699999998,11.539258100000001,11.309505000000001,11.4679488,512464.088
2019-12-13,11.496832399999999,11.647856900000003,11.394732900000003,11.5070354,448640.416
2019-12-16,11.593472699999996,11.707819299999997,11.531518800000004,11.622964099999999,397758.161
2019-12-17,11.645897900000005,11.6876469,11.521718800000002,11.607617699999999,364171.59
2019-12-18,11.6234249,11.704332999999997,11.535110499999998,11.617060099999994,384802.004
2019-12-19,11.5900976,11.6906286,11.5285156,11.6348356,370089.3
2019-12-20,11.6928564,11.8012841,11.607937100000001,11.716140900000005,533520.169
2019-12-23,11.751840399999997,11.825865099999996,11.689701500000005,11.7450929,315255.272
2019-12-24,11.735808600000004,11.795552700000002,11.668120400000003,11.753587299999996,126465.246
2019-12-26,11.766494699999999,11.856419799999996,11.734003199999997,11.815114499999995,190730.211
2019-12-27,11.878525199999997,11.9190818,11.778676400000004,11.8226076,248796.929
2019-12-30,11.840075899999997,11.854597799999997,11.64754490000001,11.7024534,230585.039
2019-12-31,11.682847599999999,11.755897800000001,11.608510900000004,11.696162900000004,197918.41
2020-01-02,11.824250400000004,12.0050327,11.7653455,11.949086400000004,438790.636
2020-01-03,11.782649399999999,11.915680099999998,11.7334313,11.820199299999997,361474.707
2020-01-06,11.723878800000001,11.864505999999995,11.682115900000003,11.825152,370497.559
2020-01-07,11.824425900000005,11.9628464,11.761040400000004,11.862682599999998,351609.526
2020-01-08,11.864374000000003,12.021178900000002,11.835192600000001,11.940721900000003,348716.325
2020-01-09,12.0385991,12.121251399999998,11.967689100000005,12.050300299999993,387734.452
2020-01-10,12.100985699999995,12.189613600000001,11.9942009,12.074804299999998,366597.985
2020-01-13,12.160569600000002,12.3236753,12.102430900000003,12.266390500000004,439321.479
2020-01-14,12.247425799999998,12.343450299999995,12.0598207,12.164666400000002,413409.125
2020-01-15,12.167873199999997,12.2616699,12.075256799999995,12.165805200000001,359681.199
2020-01-16,12.246238700000001,12.2814602,12.119450899999999,12.216251899999998,404213.439
2020-01-17,12.278000500000001,12.341115100000001,12.1911929,12.278705400000002,378190.867
2020-01-21,12.165176400000002,12.281356800000001,12.074648100000003,12.187187300000001,479797.344
2020-01-22,12.273005599999998,12.358184600000003,12.153846600000003,12.183890000000002,415123.098
2020-01-23,12.103438599999999,12.206190399999997,11.998113000000002,12.146519900000003,496084.269
2020-01-24,12.188282000000005,12.2580558,11.963720099999994,12.046860200000005,518249.862
2020-01-27,11.690529200000004,11.881571800000003,11.584687500000001,11.7627118,547389.484
2020-01-28,11.850806700000005,12.0237996,11.781333800000008,11.986774699999994,441615.168
2020-01-29,12.069761,12.148913099999998,11.946189800000003,12.0149886,394959.239
2020-01-30,11.883604699999996,12.019391399999996,11.790956699999999,11.984738199999999,444609.191
2020-01-31,11.914596999999999,11.960014799999998,11.692402999999999,11.747086900000001,540300.637
2020-02-03,11.8159403,12.048174600000005,11.768887499999998,11.967627399999998,459500.309
2020-02-04,12.204883100000007,12.396214,12.1391324,12.320953300000003,524509.2
2020-02-05,12.5046834,12.5384044,12.174750500000002,12.2947796,460259.631
2020-02-06,12.355380899999998,12.420470799999995,12.216136000000004,12.336167500000004,356865.091
2020-02-07,12.238993800000001,12.309143999999998,12.0877431,12.172389299999999,387943.366
2020-02-10,12.1332852,12.305503599999996,12.095412500000002,12.2805795,352636.362
2020-02-11,12.337185799999997,12.475395099999998,12.212312600000002,12.359734800000004,381666.334
2020-02-12,12.586963700000002,12.796207999999996,12.451407999999997,12.629219900000002,440298.533
2020-02-13,12.555026199999999,12.778739800000006,12.476986199999999,12.627110799999999,479513.081
2020-02-14,12.657338599999996,12.728875600000004,12.519639200000006,12.629382300000005,336550.054
2020-02-18,12.553879300000004,12.666148499999995,12.481216000000003,12.5935399,417871.345
2020-02-19,12.661583599999998,12.791575199999997,12.609573899999996,12.729838799999998,344385.85
2020-02-20,12.692949899999999,12.7744282,12.4140127,12.610238299999997,397945.519
2020-02-21,12.557238400000003,12.615094300000003,12.3303992,12.433446800000004,420154.912
2020-02-24,11.886044599999996,12.0855797,11.734848200000005,11.886709200000002,535581.308
2020-02-25,12.029099799999997,12.075696800000001,11.499216999999998,11.567214900000002,588349.193
2020-02-26,11.637477299999999,11.882405099999996,11.517507799999999,11.6015839,555652.518
2020-02-27,11.3512571,11.5802288,11.093438500000001,11.1590333,690993.766
2020-02-28,10.804473499999999,11.216440200000001,10.679341800000003,11.154165499999998,914401.709
2020-03-02,11.2856825,11.593208300000006,11.077051900000008,11.563718300000001,810341.323
2020-03-03,11.646942200000003,11.809110400000003,11.1874858,11.3424027,748673.027
2020-03-04,11.588759999999999,11.8867593,11.488308499999997,11.844436300000003,536355.239
2020-03-05,11.535335100000001,11.755679400000002,11.384520199999995,11.5173683,581126.393
2020-03-06,11.216537000000006,11.395826800000005,10.987722300000001,11.2599136,702991.613
2020-03-09,10.445803100000001,10.7940939,10.186112599999994,10.3268687,869064.465
2020-03-10,10.753822000000001,10.930152199999998,10.3409271,10.863995900000003,784339.987
2020-03-11,10.582610799999996,10.7176997,10.202288300000003,10.369296500000003,799621.635
2020-03-12,9.583658100000001,9.9264914,9.230538600000003,9.458379899999997,966606.326
2020-03-13,10.036937400000003,10.208378100000006,9.3629625,10.071255700000004,908347.914
2020-03-16,8.8306325,9.610953299999998,8.582117100000003,8.975560400000004,871710.309
2020-03-17,9.098589,9.571306099999996,8.783255200000001,9.382059299999998,787880.472
2020-03-18,8.750287700000001,9.224491800000001,8.244463800000002,8.729945099999997,833474.291
2020-03-19,8.700351900000001,9.257078500000002,8.492309900000002,8.917635300000002,764667.246
2020-03-20,9.153389599999999,9.484700399999998,8.730924099999998,8.8172967,824248.564
2020-03-23,8.820960800000002,9.150602300000001,8.478956100000001,8.853137600000002,794383.985
2020-03-24,9.432539399999998,9.814604500000003,9.283816400000005,9.6984144,784274.61
2020-03-25,9.7536752,10.240430599999996,9.525420600000002,9.8035361,743744.628
2020-03-26,9.896098300000004,10.344398399999994,9.741621699999998,10.204745399999998,731613.657
2020-03-27,9.820024300000002,10.021596999999993,9.574067399999995,9.728201299999998,586945.963
2020-03-30,9.843309899999998,10.106174600000003,9.713984700000005,10.013236900000004,533928.338
2020-03-31,9.975023599999997,10.208658500000004,9.792907400000004,9.9524973,631531.175
2020-04-01,9.6540744,9.820731499999994,9.363901,9.4782553,591216.724
2020-04-02,9.364494500000001,9.704017600000002,9.273405900000004,9.522101399999999,565199.122
2020-04-03,9.503412299999997,9.617137899999996,9.2782453,9.4210757,433444.119
2020-04-06,9.822534399999997,10.177463599999996,9.727211200000001,10.126222000000002,506887.363
2020-04-07,10.4582755,10.543060399999996,10.061905100000004,10.146494200000001,534587.808
2020-04-08,10.233907999999996,10.498400400000005,10.087493199999999,10.395390499999998,488379.556
2020-04-09,10.505384699999999,10.725882000000002,10.296869200000001,10.470850400000003,606556.332
2020-04-13,10.444767199999994,10.620376400000001,10.267567300000001,10.5003822,431365.1
2020-04-14,10.782559700000004,11.0388078,10.690501200000002,10.8873028,519267.688
2020-04-15,10.6248342,10.888155699999999,10.465282100000001,10.749018899999998,470459.224
2020-04-16,10.920275699999996,11.100324399999998,10.7443184,10.981543799999999,596210.316
2020-04-17,11.238051100000002,11.420587300000003,10.996616799999998,11.2503817,539584.882
2020-04-20,11.1342897,11.5020668,11.0672381,11.261189899999998,533293.48
2020-04-21,11.1219144,11.244136799999994,10.6724979,10.833286899999997,573871.167
2020-04-22,11.102619899999995,11.2816452,10.958392199999995,11.165217900000002,433305.455
2020-04-23,11.169656599999996,11.328414299999993,10.963823899999996,11.040446299999996,487179.894
2020-04-24,11.109891600000005,11.243317500000003,10.880406499999998,11.122096799999998,397782.177
2020-04-27,11.2742868,11.390611800000002,11.0709253,11.222729699999995,419662.33
2020-04-28,11.3803873,11.450701499999994,11.102985099999998,11.211714700000002,496933.198
2020-04-29,11.376760300000003,11.601343499999999,11.2613094,11.499328499999999,532151.901
2020-04-30,11.408552500000003,11.504910700000005,11.115503199999994,11.225016799999997,535741.873
2020-05-01,10.999701299999998,11.156209399999998,10.799097500000004,10.974049799999996,512076.233
2020-05-04,10.9494745,11.145884299999993,10.8269548,11.0815999,527441.985
2020-05-05,11.213990500000005,11.447420399999999,11.1131073,11.2473744,474230.451
2020-05-06,11.492872599999998,11.770042699999994,11.353014699999997,11.550877999999999,452657.65
2020-05-07,11.650493400000007,11.838998299999998,11.525768,11.730354399999998,415824.533
2020-05-08,11.785254699999996,11.986596700000005,11.7155804,11.899650399999997,450494.113
2020-05-11,11.811638800000003,12.114466800000004,11.757723400000001,11.998023399999996,408150.94
2020-05-12,12.075305299999993,12.155322399999998,11.752745299999999,11.787084,461595.003
2020-05-13,11.866117699999998,11.978444800000002,11.521743400000004,11.7116708,597124.164
2020-05-14,11.504045099999997,11.8407547,11.347042200000002,11.803596999999998,610646.242
2020-05-15,11.680080000000004,11.925590399999997,11.613774300000006,11.8317394,618851.388
2020-05-18,12.115774600000002,12.362601899999996,11.988014699999999,12.219788400000006,625709.835
2020-05-19,12.264970400000006,12.497598499999999,12.095542099999998,12.253164400000001,597237.151
2020-05-20,12.472919600000003,12.689657699999996,12.293722000000006,12.558758,700459.888
2020-05-21,12.516633800000003,12.662155599999997,12.314708999999995,12.470217000000002,634402.315
2020-05-22,12.350930799999999,12.528692799999996,12.186775500000001,12.425063199999995,724716.005
2020-05-26,12.697672699999996,12.8066186,12.318527800000002,12.449926799999998,610539.078
2020-05-27,12.4647384,12.541575000000002,12.040056900000005,12.440681800000004,577710.125
2020-05-28,12.421120200000002,12.699379799999997,12.308239899999993,12.442710800000002,470711.576
2020-05-29,12.5432527,12.765375200000001,12.374853699999997,12.687856400000001,804706.862
2020-06-01,12.652351499999996,12.8108794,12.5362708,12.739677700000003,404300.128
2020-06-02,12.801794600000004,13.045363599999996,12.692932499999998,12.986119999999998,491556.963
2020-06-03,13.086826499999999,13.286702000000002,12.9611209,13.1571374,507555.36
2020-06-04,13.123037100000003,13.334765400000002,12.935316199999997,13.076126899999998,492280.511
2020-06-05,13.257271900000003,13.47698169999999,13.118964500000002,13.304738299999999,492970.999
2020-06-08,13.271599999999994,13.375130400000003,13.028169400000005,13.256237699999993,454486.865
2020-06-09,13.184176399999995,13.399648199999998,13.077418099999997,13.258958799999995,437757.614
2020-06-10,13.3600862,13.4916959,13.170507699999998,13.321746800000003,437334.642
2020-06-11,13.052344699999997,13.2164426,12.6635779,12.716707399999997,561024.52
2020-06-12,13.017959000000001,13.129364499999994,12.692747700000002,12.971667700000001,484707.753
2020-06-15,12.8500918,13.2994531,12.765430899999997,13.223062100000007,461386.637
2020-06-16,13.4956822,13.6233538,13.2180596,13.435628300000001,516427.407
2020-06-17,13.584348400000001,13.715734900000005,13.426053099999997,13.5463525,469162.1
2020-06-18,13.522341999999998,13.7269172,13.420823299999993,13.603210199999998,475726.177
2020-06-19,13.792279899999999,13.946622500000002,13.525906900000003,13.664204100000001,601941.239
2020-06-22,13.714482300000002,13.907363099999996,13.616988500000001,13.8449735,379242.893
2020-06-23,14.040756800000002,14.194382800000001,13.896153799999999,13.973889400000004,462667.36
2020-06-24,13.9077953,14.034726000000003,13.546758100000003,13.706939700000001,416184.934
2020-06-25,13.709410999999998,13.9785603,13.572580099999996,13.939809299999993,372775.435
2020-06-26,13.935270299999999,14.017023400000001,13.613035400000001,13.752452600000002,501506.628
2020-06-29,13.770644499999998,13.922801100000001,13.542048400000002,13.850438199999997,351933.288
2020-06-30,13.830500000000004,14.076739999999997,13.744414099999998,13.986857399999996,401091.515
2020-07-01,13.9803149,14.2311961,13.872056,14.108088299999997,354702.56
2020-07-02,14.343941800000003,14.52080819999999,14.231836600000001,14.340183999999997,432257.743
2020-07-06,14.6590401,14.866740499999999,14.407211099999998,14.564221600000002,591516.172
2020-07-07,14.517893599999999,14.766517299999997,14.3612696,14.5147586,397334.207
2020-07-08,14.717554800000004,14.927178500000002,14.5410384,14.817528199999996,642047.592
2020-07-09,15.001666599999997,15.148609500000001,14.664883399999995,14.949760899999992,685089.436
2020-07-10,14.975604499999996,15.085146099999998,14.752855399999996,14.995399500000001,450555.481
2020-07-13,15.132818699999998,15.446804699999994,14.486482600000004,14.593084400000002,561004.003
2020-07-14,14.501449699999997,14.857936599999999,14.228162900000004,14.733347899999996,506907.711
2020-07-15,14.810219299999993,14.917420499999995,14.480875500000005,14.681286100000001,538811.549
2020-07-16,14.542651399999999,14.784714600000004,14.372354499999995,14.584821599999996,531668.455
2020-07-17,14.680708799999998,14.807838999999992,14.485901300000002,14.692448699999998,525480.82
2020-07-20,14.811895799999999,15.231834600000001,14.662444800000001,15.116764899999996,629547.989
2020-07-21,15.325192600000001,15.383769000000004,14.9147333,14.984673399999995,519432.607
2020-07-22,15.071414200000001,15.2135603,14.8609193,15.0256522,436788.298
2020-07-23,15.041168599999997,15.210338499999995,14.647340199999993,14.771160100000001,519671.29
2020-07-24,14.547769399999991,14.848664599999994,14.370927300000005,14.687874500000001,682529.202
2020-07-27,14.888817299999994,15.254480200000003,14.779640699999993,15.173927800000003,634689.639
2020-07-28,15.1559547,15.244729499999998,14.914127700000003,14.9649236,527200.506
2020-07-29,15.226438099999996,15.470888500000001,15.003419299999997,15.264582200000007,542439.562
2020-07-30,15.065294199999999,15.327695100000001,14.8603167,15.212741099999995,416694.675
2020-07-31,15.341106700000001,15.390658199999997,14.876351199999993,15.116376,449621.688
2020-08-03,15.241564300000004,15.610988699999998,15.166810599999996,15.491288200000001,385906.609
2020-08-04,15.468594999999997,15.618142999999996,15.3380325,15.559108899999998,425196.541
2020-08-05,15.640593700000005,15.906728100000004,15.528933399999998,15.761954200000003,395203.967
2020-08-06,15.748609300000002,15.860886100000004,15.509984,15.740816599999997,360813.645
2020-08-07,15.617220699999997,15.731142299999998,15.229128099999997,15.466570499999996,468593.918
2020-08-10,15.555187100000003,15.665974899999997,14.9918629,15.208300999999999,374113.406
2020-08-11,15.2984178,15.440997900000003,15.005885600000004,15.069489300000003,368613.398
2020-08-12,15.2352693,15.525588899999995,15.154108999999996,15.3593962,356566.419
2020-08-13,15.402223300000003,15.584486699999994,15.256158000000003,15.427236399999996,329608.106
2020-08-14,15.414984200000003,15.493225899999999,15.222616200000001,15.331466299999999,306516.424
2020-08-17,15.464400300000007,15.695885099999998,15.377744,15.603245299999998,413601.694
2020-08-18,15.692378199999995,15.832004999999995,15.484385899999996,15.679602899999999,389574.999
2020-08-19,15.7353992,15.873514999999998,15.532358099999998,15.643901399999995,383228.485
2020-08-20,15.4945391,15.7486192,15.41742730000001,15.686880800000008,465304.692
2020-08-21,15.599384599999997,15.806688599999996,15.487028599999995,15.673635400000002,456574.048
2020-08-24,15.921023199999993,16.022401399999996,15.666073400000005,15.821180699999998,439770.632
2020-08-25,15.861163999999999,16.1433112,15.737020900000001,16.0586317,471925.797
2020-08-26,16.1383386,16.4545486,16.0138837,16.3056815,415424.971
2020-08-27,16.3411101,16.3827038,15.965955899999994,16.062250800000005,376597.967
2020-08-28,16.125308800000006,16.292246599999995,15.936477000000002,16.103157699999997,298894.214
2020-08-31,16.049140300000005,16.175330300000002,15.812702699999997,16.0060042,395018.169
2020-09-01,16.166162899999996,16.556943,16.087804199999994,16.4830936,408700.102
2020-09-02,16.6279546,16.792748400000004,16.1770311,16.488687000000002,424792.673
2020-09-03,16.2134106,16.3071804,15.475279099999995,15.7040996,578328.828
2020-09-04,15.584663500000001,15.774718099999994,14.822418500000003,15.4692486,520474.516
2020-09-08,14.922108799999998,15.281013800000002,14.781436099999995,14.919117399999996,482627.811
2020-09-09,15.250754699999996,15.445748500000006,15.032382599999998,15.2689354,389279.769
2020-09-10,15.438691600000002,15.579563300000007,14.974770799999995,15.0496956,392162.908
2020-09-11,15.240485299999998,15.345614099999997,14.9152094,15.080495099999998,336467.026
2020-09-14,15.305667800000005,15.436207699999994,15.130675499999997,15.256776400000007,307790.695
2020-09-15,15.4257708,15.5677679,15.227211100000002,15.360269000000004,415867.461
2020-09-16,15.449569999999994,15.5628979,15.0877733,15.134820300000003,438323.723
2020-09-17,14.879145199999995,15.137275800000003,14.747341500000003,15.055448800000006,376858.729
2020-09-18,15.1226567,15.265267900000003,14.828252999999997,15.049658899999999,459017.16
2020-09-21,14.7669822,15.050338099999996,14.581858400000002,15.002090599999997,403234.529
2020-09-22,15.076651599999996,15.258720399999994,14.831227899999998,15.208175400000002,326251.584
2020-09-23,15.237491799999999,15.329788599999997,14.8175538,14.882978200000009,352416.781
2020-09-24,14.698804500000001,14.978314,14.525153000000001,14.792818300000004,404025.317
2020-09-25,14.7028567,15.025798199999999,14.567515999999994,14.979451500000001,380056.569
2020-09-28,15.239913799999997,15.4082405,15.0651056,15.268388299999996,332940.046
2020-09-29,15.2744077,15.5153157,15.124596299999997,15.377496600000002,340698.094
2020-09-30,15.457475500000003,15.695358599999995,15.3372544,15.514805100000002,484309.841
2020-10-01,15.650749499999996,15.8512248,15.487635500000003,15.700842499999998,400660.758
2020-10-02,15.3936865,15.693502700000007,15.2990765,15.442393299999996,379129.912
2020-10-05,15.566930000000005,15.7879285,15.435050799999996,15.723618599999996,429357.212
2020-10-06,15.675016800000005,15.9090028,15.448947699999998,15.556129199999999,436717.715
2020-10-07,15.750339399999996,15.989647000000007,15.615583800000001,15.903367600000001,474263.741
2020-10-08,16.021600300000003,16.154431399999996,15.852980099999998,16.018345300000004,418952.799
2020-10-09,16.105240300000002,16.3538685,16.0464521,16.262170199999996,361885.068
2020-10-12,16.459358300000005,16.655694800000006,16.275774200000004,16.444839099999992,433195.649
2020-10-13,16.467437800000006,16.715456100000008,16.269418399999996,16.562714700000004,391386.661
2020-10-14,16.583692100000004,16.7054268,16.205354800000002,16.347372099999994,448829.039
2020-10-15,15.983845299999999,16.3094961,15.882903899999995,16.2360139,402698.818
2020-10-16,16.3735104,16.5553477,16.2170422,16.327109,375736.204
2020-10-19,16.418220700000003,16.587457199999992,16.1317819,16.232790600000005,411975.583
2020-10-20,16.312582499999994,16.612265400000005,16.193675099999997,16.3688576,361940.409
2020-10-21,16.360970800000008,16.608733000000004,16.104082899999998,16.1972558,407430.008
2020-10-22,16.210642899999996,16.344750800000007,15.911082100000002,16.090608000000003,355485.376
2020-10-23,16.1335975,16.302198200000003,15.969332599999998,16.2468364,311491.16
2020-10-26,16.0255959,16.2314457,15.6895708,15.918043400000002,378203.279
2020-10-27,15.995801400000003,16.215956,15.8173099,16.038084199999997,414288.268
2020-10-28,15.7063152,15.8823692,15.424013799999999,15.593692400000002,503368.019
2020-10-29,15.659297599999995,15.964235099999998,15.3729914,15.6647239,489463.083
2020-10-30,15.511485500000003,15.649449800000003,15.0142482,15.229275399999997,449492.279
2020-11-02,15.4189704,15.6070991,15.127606299999998,15.358374799999996,404596.739
2020-11-03,15.3084573,15.642785200000008,15.146900500000003,15.455036100000003,733838.702
2020-11-04,15.713366499999998,16.1351502,15.5566118,15.975952000000001,640319.666
2020-11-05,16.413458,16.6538804,16.121310100000002,16.4926959,706364.813
2020-11-06,16.561893200000004,16.880310200000004,16.3198181,16.795957100000003,480360.724
2020-11-09,16.910926299999993,17.071894099999998,16.130251099999995,16.1856335,684784.45
2020-11-10,16.166495000000005,16.276437700000006,15.597653400000002,15.753828800000003,907081.056
2020-11-11,15.954174599999996,16.387088699999996,15.851584899999999,16.2189981,664095.196
2020-11-12,16.2576654,16.433396099999996,15.967454299999996,16.0367562,551558.493
2020-11-13,16.219426399999996,16.3565723,15.972411899999999,16.166415600000004,574417.549
2020-11-16,16.140082200000002,16.4081534,15.973994900000008,16.224078000000002,628183.345
2020-11-17,16.218095000000005,16.337814999999992,16.009499900000005,16.177199500000004,536515.152
2020-11-18,16.213959599999992,16.3710225,15.996883399999996,16.171114799999998,543686.032
2020-11-19,16.166159500000003,16.50394,16.0395049,16.40969719999999,442470.298
2020-11-20,16.4744456,16.759895800000002,16.372199099999996,16.613782399999998,498980.73
2020-11-23,16.7393525,16.890316300000002,16.4939834,16.7508612,523911.598
