Date,UNP,LLY,CHTR,LMT,BA,NOW,AMD,RTX,CAT,FIS,SQ,BKNG,ANSS,ALXN,TDOC,AME,HPQ,VRSN,ANET,DDD,SSYS,SYRS,XONE
2020-04-01,-1.9579241267203196,0.3236571107920134,-2.371734003810235,-1.8309273277228064,-3.1819056183211596,-1.3845138911949415,-1.155257830986602,-2.876278943920992,-1.3332912656943967,-2.8952717065697344,-2.0745351186490746,-2.8398411965751666,-2.422571383742464,-0.48642551035383874,2.3372684455687436,-2.5066605584217587,-2.2743942627395732,-1.0648075836758388,0.09551356187631925,-1.274919659253237,-1.075398249322424,-0.5974674559309192,-0.6377673538913405
2020-04-02,-1.7889635584982975,0.20920160045025793,-2.4066520259781274,-1.8194507289885078,-3.2973452401765027,-1.995830743624762,-1.4423230537994667,-3.288033111044424,-1.1425758460393913,-2.8860924430770227,-2.1890304591455845,-2.9669776008373274,-2.417850448582006,-0.6533895629997616,2.1097385170264227,-2.5456901861838164,-2.153165366520632,-1.122509089582997,-0.0631240865581824,-1.4851757533571268,-1.1287617094108224,-0.4878895623939533,-0.3469521668389561
2020-04-03,-1.7233996150103592,0.01676272775543597,-2.2714126299624686,-1.8237589409906219,-3.0844681525553614,-2.038093368384507,-1.5175168588492036,-3.3245856528529094,-1.0308283381461407,-2.711288845795763,-2.2625404519255397,-2.853078285009344,-2.0480667250604925,-0.47804341079501994,1.5874772624709346,-2.402985591894039,-2.4566821639478063,-0.9070257454473369,0.11307213063208306,-1.4527858137494483,-1.0348118170125689,-0.22665297264240694,0.40576459468614207
2020-04-06,-1.1202865941650588,0.0985265448991651,-1.5762431227491924,-1.2739495086877433,-2.550607741661995,-1.36558765013348,-0.8747693131883473,-2.593766420731522,-0.6320151676360634,-1.937137437451892,-1.5102011377768256,-2.0672437689968235,-0.7520459089719149,0.31911427095696543,1.0541830719561405,-1.9380977572102251,-2.217071703458722,-0.1644749159200843,0.6647492756880898,-0.7427378848290542,-0.025543846065764264,-0.007180125549442251,1.0593249903822903
2020-04-07,-0.41314447917667735,0.44836361180973555,-1.3446245777279242,-1.1529372183702347,-2.4146705770690757,-1.2137849647219685,-0.3570422384067865,-2.2349497863158225,0.29943678329751,-1.6665389014386074,-1.3448530885052215,-1.731381066288792,-0.5039490116978848,0.6080898199234299,0.7152514891690822,-1.158768953014774,-1.7533536255615214,0.13321828277545839,0.819899013074522,-0.6828528660257357,-0.3194801845308883,0.17629814101730434,1.1066404592484658
2020-04-08,-0.6551889651008452,0.4659301525390023,-1.2296235382757608,-1.1724679541834049,-2.273029784800762,-1.2090589739523647,-0.36778999475250823,-1.8790655821715678,0.5192731899600901,-1.7801812352202804,-0.8634133921256053,-1.8091344600835069,-0.4919856002184373,0.7773964699792536,0.24184324916122923,-1.3907433850494142,-1.6850825763521804,-0.11998128303168543,0.6657560596482532,-0.728212695467281,-0.2307787143025885,0.4669925251085904,0.9524181740499807
2020-04-09,-0.4686777775773635,0.4176238833677569,-0.8579458637540197,-0.7565810293781141,-1.710317935192297,-0.810341162498617,-0.5080088213524784,-1.2674252968762971,0.6687148988183106,-1.483590864748271,-0.4505493792538096,-1.2004400752815294,-0.5166495818525052,0.8580383571297039,0.8643287585586888,-0.9244175557262235,-1.5342287530125527,0.27995560904880357,0.9242049618872651,-0.5126100566682568,0.3824663791762879,0.6111272268234041,1.4102786430210217
2020-04-13,-0.13162993807510692,1.1283758633019783,-0.3967970902553395,0.12736105112503904,-1.2461156410978393,-0.14473953411231966,0.6872412748179391,-1.3134709689117117,0.3910349698964367,-0.8309489614218994,0.07103985256530987,-0.5643181720636102,0.12791084061122715,1.5534628618125685,1.89071617317143,-0.2589668691781811,-1.33378795021904,1.0074340886887916,1.150338586072872,-0.05782331990060119,0.5409607691488358,1.069158891606154,1.4269430746472278
2020-04-14,-0.5544750113802115,0.8107200338053567,-0.3653560957755799,0.008700337933439162,-1.652950072732383,-0.145507737357339,0.6292674914044379,-1.0923389373769978,0.12225088981848586,-1.4199822353447797,0.09415940965153363,-0.9332155260048436,-0.30882991558745754,1.3380613905790613,1.3054674458964046,-0.7096872055718059,-1.1013967488613825,0.5074731614300582,0.9116473947739065,-0.2006936438273108,0.13731950923971104,1.002063731357325,2.1182466727863303
2020-04-15,0.14797712005243047,1.3951421546746734,0.9263020661841195,0.784084332199847,-0.6874836695677673,0.12290660256296948,1.3376833985656882,-0.7011187946893442,0.11667687964601126,-0.5239642076532232,1.3251438335848906,-0.5312512116582341,0.5269808818132471,1.510802165320587,2.4394840980731676,0.12202511623627599,-0.7438838113560624,1.3767154338805674,1.3306249841492184,0.010628296218840538,-0.03604149512177879,1.4168637698575213,2.0838022354675365
2020-04-16,-0.2210337040217799,0.8011030821259295,0.7636527375604704,0.11014390805125696,-0.8909929229597779,-0.4260659880987157,1.1563565403218448,-0.7750879000873784,-0.10792013671618117,-0.6600982396062884,0.3968140205023719,-0.915004473849169,-0.15653352362954026,1.063259080405967,2.55882531359271,-0.2045022882744124,-0.6070937436433812,0.8525083840268559,1.028951664644375,-0.4469197923299457,-0.4597238843020433,0.8322334828602713,1.021343637618689
2020-04-17,0.8723489939447264,1.0025396461439857,1.099844031813861,0.44143292984612104,0.5483411949824306,-0.10308471760116128,1.3858062951935646,0.39358720834924865,0.06907750338981511,0.5060070890137465,1.3822942625551633,0.030025228605097043,0.4062410667873547,1.5473683602391333,1.6450028571809778,0.3386178923363319,-0.03951992682333305,1.5694989004141386,0.8909826411664599,-0.46915902224330264,-0.06752349889283116,0.7415818911580434,1.0879903496207208
2020-04-20,0.2136029394799428,1.7202300378948543,0.8889603691139863,0.30555923047272315,0.3510937133173748,-0.03886385955032823,1.2478749252669425,-0.028178106284473925,-0.1871771246923868,-0.20109415090016525,1.2875126209631917,-0.1103843390354009,0.4760155891584634,1.7371008724873997,1.9535387199001506,-0.30678256004243465,-0.5976539445965061,1.5417265275088303,0.9057193002084599,-0.11135934787877944,-0.2523089818727079,0.7912332604870607,0.8492541234881567
2020-04-21,0.32082879764708916,1.949212906607668,1.0564175778223603,0.517849326292579,0.21880191355494327,0.02413858460222018,0.6679447013225215,-0.20954881501266565,-0.09225958076423213,-0.5265460024561376,1.0677447387422834,-0.365841331283686,0.08351755498490165,1.6193063112943884,1.3661633826851096,-0.2222982797884936,-0.8694365843510212,1.5956509522373827,0.8157366453009275,0.02589870646758663,-0.7321937304494014,0.8051472011056395,0.39055520451926323
2020-04-22,0.749935262857121,2.470680811348378,0.8894183728862489,1.075392219079973,-0.22061915661966558,0.32589899291569396,0.8062485097140957,0.3890585049265476,0.23216772353906712,-0.037068428365599315,1.237342293435488,-0.16994680443629917,0.6373890351232255,1.6312054332291366,0.8379302151929657,0.5740022127716202,-0.601260525966653,2.341020896046727,1.308555218764437,0.1953420857394501,-0.647682006257708,0.6227789180127544,0.9828626842940978
2020-04-23,0.1731158123447457,2.3963283687754493,0.274780331168218,0.5916062405256529,-0.7829805980758122,-0.06445468899461831,0.28061504402787535,-0.3658746782393971,-0.11525892193433385,-1.1864170071495022,0.7044183446750668,-0.6032575476133122,0.12259255717562656,1.3704318463833896,1.2486468745672437,-0.41052766759791826,-1.214624118871471,1.2157422355760232,0.4701294795472736,-0.07246562988152105,-0.2753764172157384,0.7607449657126488,0.7444262861261314
2020-04-24,0.2625591822981498,2.71120610460282,0.5576658975173823,0.035483806838479626,-1.6103986233419967,0.2612626130757655,0.5495853387469661,-0.7935054578642149,-0.14674906061665793,-0.8161852533768136,0.20682420567247078,-0.9431453842255341,0.2987385952271465,2.0009467914790995,2.253790127214569,-0.4611274928863066,-1.0057540263594886,1.3396513808886614,0.5885417204529053,-0.10190878003087284,-0.1500629145572217,0.8659202296816298,0.36939774008529824
2020-04-27,0.19239817610916404,1.746684512250439,0.0702148181365233,-0.5863813250296497,-1.8532820241342638,-0.11485759103509943,0.3610758063083409,-0.9416354140707831,-0.22464746178334247,-0.7718816692369698,0.13957958286518235,-0.7839755249076124,0.03578034431410859,2.120179560844714,1.7983728940161643,-0.2673776717946713,-1.54686082177469,1.152210219849669,0.4154480015746354,-0.18735920071314766,0.31122474452703974,1.1023534429945516,1.1963610237327402
2020-04-28,0.46267864417270116,1.3960345301748414,0.06065961854119295,-0.4295604959555416,-1.5336288923512342,-0.15983266518074085,0.2525470340219049,-0.612262075855273,-0.0030889979359176034,-0.49509610507792884,-0.019150927673513896,-8.72424521947135e-06,-0.11028232793789217,1.7796335905707004,0.9751538781716577,-0.040565064231276926,-1.1137060360516826,1.0202379585579486,0.5944313992030916,-0.10622292405699207,0.3283792281336154,1.2989534316886475,1.6257232742185486
2020-04-29,0.4663762764305039,0.9559155789214009,-0.0529989013251303,-0.31271818463473205,-1.1836824257214864,0.3470606379883819,0.06346448401249308,-0.4142982379231924,0.04869460481965859,-0.3410998348041885,0.21101722762880581,0.26183093274341507,-0.07872387018693039,1.6824554206321414,0.6179571787626886,0.1376011394261305,-1.0076294318773202,0.4949001645769934,0.4779149334156788,0.06329941091378777,1.3555006279839414,0.9781322515133324,1.4660942497295772
2020-04-30,0.19284160554383967,0.8066003773322384,0.13511874541128943,-0.1264088604835618,-1.06408195523784,0.8266881434701443,0.042249527716946234,-0.5360188953964606,-0.35533937691435596,-0.32217760943449725,0.3175129270330597,-0.07590475646156436,-0.20372125832129673,1.7130147427275517,0.37216918091551787,0.2135985247886163,-1.2059398697341543,0.6511471155762026,0.5101583627461028,-0.13310337879721196,0.5890184691855159,0.7945078915278,1.4218443403388457
2020-05-01,0.2684169647471164,0.9424952497426606,0.38720456899531,-0.18436573518515142,-0.878255882344655,0.8066991849859184,-0.02506387197972776,-0.7116460411179379,-0.4396060270662918,-0.018532982263832598,0.5536663782510785,0.11226884197014586,0.22236786324941527,1.3853750206066033,0.45640735209096733,0.0947821741516568,-0.8690571295056265,0.6894507349487256,0.4221294421337733,-0.027769940343114752,0.7489286431573535,1.0914312342234347,1.2069889108040837
2020-05-04,-0.0862522097351831,0.5615236876152969,0.20103771989031727,-0.4781929345967871,-0.7405997432536949,1.4626155896747108,0.20069821721827744,-0.6685170093971174,-0.809488541215473,-0.28904420659067576,0.5130648297951496,-0.051970583508071044,0.09661153026790748,1.2769584416736703,0.7196137624008319,-0.11495218573872068,-0.9577744723153085,0.6129630494669689,0.4976299556467459,0.377872512244009,0.9214175174241643,1.1141279184129163,1.325045689751592
2020-05-05,0.07953976432404297,0.9617045750293595,0.17846527370070897,-0.21965313403864745,-0.9460399039095242,1.9888738971977058,0.26675284034072977,-0.30514720344024215,-0.7347096804379346,0.06349397823504155,0.9499570324284288,-0.07604860597253049,0.056880387483232875,0.6646138376197803,0.4663733819142662,-0.007949504168306198,-0.7245525811853485,0.5812625024580766,0.7531124121654003,0.5072451599699955,0.6953316238947608,0.8362848489279875,1.3955914285900688
2020-05-06,-0.44745780201459084,0.640181534240634,-0.2895224562630127,-0.8270853483529549,-1.5204632457817868,1.4748092844032568,-0.23734380830766327,-1.0692259279840974,-1.0896337336064228,-0.33964979155579766,0.6145038894878954,-0.7454826512389034,-0.26370984036806283,0.1682488783141779,0.8936587981050543,-0.28887476817916585,-0.9570557859748432,0.2867741745129321,0.02466143440500826,0.10825181293952313,0.5430330448181937,0.5815938777729518,1.120898783803618
2020-05-07,-0.270040074476414,0.3436041388580188,-0.0003387221242494576,-0.7104867190446349,-1.2321955279986128,1.999510863040619,-0.24150540239061957,-1.163742900513635,-1.1507183460587327,-0.4201638314404811,1.2087367998414014,-0.4961162719970705,-0.49486031606222924,0.2219801144413864,1.0753608384978324,-0.1045359854140202,-0.8663363622338803,0.3204400870754718,0.04414029897919444,-0.48047314798029106,0.5204393314597088,0.5047472886935789,1.247644120039274
2020-05-08,-0.2351205418741213,0.18994487465970325,-0.12278020800055867,-0.7480413373373278,-1.1716869332068465,1.5989633390578553,-0.20961306646862465,-1.3077028212225779,-0.9399108607126685,-0.7290612211863047,0.8445773692348681,-0.47640399398958555,-0.4987765866532644,0.2279499522228197,1.2816589737375916,-0.08790951690358806,-0.7201595782724786,0.4380510266836066,0.27251135521624825,-0.28705433936145275,0.7530617281832086,0.9003251497386761,0.6534388526842256
2020-05-11,-0.3013912172502806,0.6127694573909277,-0.30454056037658417,-0.9294477524779567,-1.3753868834916847,1.6326304578585131,0.01669703089737623,-1.5308836422596217,-1.0947417324397881,-0.8341647457081713,0.55991261952582,-0.7100744794665537,-0.2627538054642662,0.7090739261837024,1.504688488263308,-0.2732469400638058,-0.8984455903782428,0.44266909886890493,0.616401001253419,-0.5843349001926105,0.2193614483612267,0.8718159008865105,0.6658019409454891
2020-05-12,-0.3730772100446766,0.6509280535375417,-0.534636144443514,-1.0376084092519338,-1.3802475723482313,1.053277768932843,-0.513205574928887,-1.3914329324260408,-0.9937804661432379,-0.7620663517117487,0.5782321052716475,-0.8638897861792522,-0.6257322059505629,0.6539613038162089,0.9828140555096536,-0.477939078781359,-1.0374708244317739,0.2246823303152143,0.6469808216211317,-0.7548799675512132,-0.06573066107906397,0.38510504723024286,0.8977107847570996
2020-05-13,-0.5508205060129199,0.35535147178714854,-0.8657384579146636,-1.3053243940443804,-1.3616744667212863,0.5605984667420745,-0.9837442273772337,-1.7966082981763674,-1.1667477806493318,-0.7540900040846232,0.2914782735627176,-1.109682993601177,-1.2036671644841253,0.4607167966263413,1.054247375742891,-0.8774381022289849,-1.4789462767142547,0.14739457603655465,0.1723427372490075,-0.9589215208682216,-0.3562977499212236,-0.01652319667143133,0.7099866360594983
2020-05-14,-0.4748940141515591,0.4352696881149869,-0.9559518511547692,-1.3910067308026095,-1.3915466264435676,0.7923676174911276,-0.7478643330363419,-1.627999370875916,-0.8782089887355724,-0.5375975166752471,0.666016524331653,-0.939374728301516,-1.1645456094903635,0.5183894931307591,0.30001051864090633,-0.6485130225115399,-1.025892359066083,0.33900734871613925,-0.17125302994276936,-0.8924322555271386,-0.6146979498880916,0.10853112777682548,0.8391488246393304
2020-05-15,-0.4293550699781095,0.3510376570481677,-0.8255432078557237,-1.3480487636622074,-1.2320725327340467,0.8733300659013686,-0.94089346829401,-1.7239982830216949,-0.7946501072626132,-0.562089020904889,1.0325062040987814,-0.9021517859108777,-1.1709498531256208,0.5713532006017933,0.42003682335273157,-0.5498389039736369,-0.9535692972606205,0.3263987225528305,0.3181849429584839,-0.822887500344751,-0.18743579212496342,0.22114278326182302,0.9220999403273931
2020-05-18,-0.12475745037009589,0.14404008945333963,-0.5802880694428709,-1.209280694845493,-1.156099158379341,0.8284050089890431,-0.9378623182740713,-1.4038659846297297,-0.4312801920044823,-0.4443506440302687,0.4809141437472439,-0.2296634459147689,-0.9347750434468901,0.4316241510641512,-0.12534149278051782,-0.4345224898000357,-0.4974991434175565,0.19590668843440506,0.39175860763126047,-0.641370238364114,0.13038026669337704,0.41909896362360277,1.3473615516519755
2020-05-19,-0.024433598382756938,0.03427691481035808,-0.5586223279628981,-1.0969943428881308,-1.0930169474079492,0.9567522607470028,-0.9432645088754685,-1.320632983776783,-0.5599069714515853,-0.2693447104545852,0.5863829770823178,-0.05913023757848568,-1.0891698579444498,0.10311575825339653,-0.1731029655674604,-0.18039786630576626,-0.21742211327777666,-0.0727981727858378,0.5442020938815564,-0.8757253460091153,-0.1720667498948651,0.2838500189161261,0.9805605848476016
2020-05-20,0.4723101565587339,-0.04139822976641727,-0.5914103585666298,-1.096249881691648,-0.8610213852770191,1.4033769230121582,-0.4917370725738314,-1.178340264030921,-0.13781791629389323,0.25164797462330424,1.0020342413558607,0.46718034561557775,-0.44380467330712126,0.5290528256437194,-0.11084183231143618,0.16908577799407898,0.30707989613956277,0.2571861087838214,0.9167166832962461,-0.8062088950892831,0.1058876634378009,0.5220249525182991,1.3176616555258331
2020-05-21,0.25437590778265673,-0.28272713037446695,-0.5240246245379409,-1.0433734441663969,-0.652856125762989,1.1469856222519712,-0.7250653956261532,-1.0200136193488554,-0.28481155191253466,-0.11629360220479057,0.815810060644623,0.4479110655270938,-0.760115628903192,0.22074824615857472,-0.07352005285937258,0.06238813459620063,0.11654344017022822,-0.12853946187520016,0.7244572526316833,-0.7809475924053372,0.5356017549615504,0.43734673121288703,1.4008684325950527
2020-05-22,0.27136457310893936,-0.3732867816555697,-0.574410962572618,-0.9035042836229037,-0.70828621292806,1.4053569400961976,-0.45605348449987115,-0.9530249196907845,-0.37490777890603383,0.04758516896698273,0.8890496684088645,0.8154577840129595,-0.39541394826463394,0.43885495947088515,-0.2736582053897317,0.3141798295723416,0.15256332290631502,0.21601329626795351,0.8784980027418386,-0.791848803179372,0.5631598304355554,0.5525070323326033,1.3897521244958786
2020-05-26,0.5707086523491507,-0.6293658741925461,-0.6308860887112978,-0.7014376828545315,-0.26239891067778554,1.1786097091872962,-0.6205330797220877,-0.43358538717041767,-0.026022285375450732,0.014404730930729248,0.9474289125048709,1.5128836522125768,-0.27651431190654996,0.5327399906458304,-0.7917264062893934,0.6011060947113273,-0.070090141009167,0.14511218917992608,1.0306175628536138,-0.6865895024911078,1.0492020850760508,1.0050745275794624,2.4444119924459646
2020-05-27,0.8482427564509769,-0.6654828398798358,-0.31236333171055286,-0.035825872815471504,-0.11966996199562907,0.8089771714429745,-0.6851347781632449,-0.3250291499853625,0.27003545397272505,0.05512147999423045,0.8988715524501385,1.1747620088777775,-0.3961360845579959,0.79615388217884,-0.8358104874688868,0.7979344115408896,0.0030015363029187725,0.12261024596555087,1.2959811333859612,-0.5169806913624881,0.8882163250683279,0.6521370631709938,2.0603996626726606
2020-05-28,0.7478015898384897,0.012510079865290347,0.11573965373798095,0.09613797872365197,-0.1113311197673097,1.3326242874714422,-0.5320340893624498,-0.1877662320911752,0.2747871913602176,0.16837174825556545,0.7513236460928016,0.8079057895827081,0.39205604554519463,1.8809108401639643,-0.7941217646958977,0.8683469283676167,-0.9201933483490273,0.4928856995241246,1.3767839475440042,-0.6373349590729182,1.2428414269772496,0.524228768709539,1.4750963603756857
2020-05-29,0.643795518767925,0.39119383154529036,0.5167495608820207,-0.02110932675212581,-0.34646434062923764,1.0812862889976125,-0.24813597183208932,-0.5673787006093671,0.025237493490698266,-0.06875675537434014,0.4999623382388974,0.4093782327238453,0.5439195082958271,2.1579045906981946,-0.2515581627272067,0.6656628618777656,-0.9487449265406247,0.8253712183488364,1.7453761578230893,-0.8049837963222952,0.432015363384989,0.9489112640862101,1.7669703203203146
2020-06-01,0.7094248705842074,0.11746803498441599,0.40385825046253226,-0.16264675817463514,-0.2906000834245792,0.37267760485401047,-0.29577888998052493,-0.47526485519472617,0.10183004718422992,-0.22243642655393667,0.7588099388132381,0.6306840494196653,0.4358781085465477,1.955224875465691,-0.03012026740922466,0.5568047212757541,-0.8541748967499797,0.6673279629595599,1.7081126067210317,-0.624396923421162,0.7894993185681894,0.7530347176172605,1.9268243126740214
2020-06-02,0.9948715390669871,0.3571742500893612,0.34413649757480247,-0.014837506821222228,-0.029843507056238616,0.8999826103925878,-0.07274302188175226,-0.2782051355144343,0.6047769051594266,0.07664269933199946,1.3653880809364778,0.7448704670098386,0.80954548870507,2.0013213745673366,-0.262069240509225,0.9833268815168399,-0.23894132626537706,0.9258909244429574,1.8784882435688532,-0.2549983648524058,2.123760985230558,0.9155218007143253,2.4705887778232665
2020-06-03,1.336332432378827,-0.08155005527074963,0.010913960129695727,0.07430456765351134,0.5650812435833921,0.41974185943591547,-0.5582082877245785,0.19064572581300182,0.9222688640284598,-0.042336181462862055,1.6119391988045253,1.1327690204398384,0.48605497727406666,1.5576527832401124,-0.5768465181860445,1.0809471490172808,0.06296235469043743,0.34337444429727454,1.5269404576431957,-0.3187744592511735,1.58953561166842,0.5784131382728929,2.4375864814865364
2020-06-04,1.405082179452697,-0.40394498433486425,0.07862121384483178,0.15830910943730783,1.1607360708663979,0.19536037034435622,-0.4353230126599794,0.3876637000272917,1.1354628346578164,-0.24582346483145345,1.2438533581693199,1.4541383861056871,0.44939772456091315,1.987154817381249,-0.9172954736567928,0.971153088519746,-0.06406922115691871,0.3162807352593674,1.352722594137847,-0.2880336127112973,1.5907142742803086,0.3229421392128052,2.0302346925119066
2020-06-05,1.94528839238169,-0.5043594057358506,0.08339336854932229,0.5392641844630225,1.8391932265444144,0.6939431058084253,-0.3967840115293813,0.9328543477551562,1.6239810912399573,0.37716579905197267,1.5091961811838064,1.9305751617129547,0.795384812293313,2.304335229014737,-0.9168209966164923,1.2282867555052204,0.3891465568384935,0.33427387985792456,2.034204827428269,-0.20685420142944816,1.416442919197295,0.1615905997250619,2.147844666021632
2020-06-08,2.4277723812081513,-0.16161878762569373,0.5895683621951621,1.081140504412953,2.5098951819295032,0.8025329208097032,-0.06887548600394411,1.452369875871273,2.4302298329424517,0.8167787323923879,1.6256671231013684,2.0027738023097053,1.3681083005935664,3.01392363613758,-0.6993557869496645,1.6467439218397235,0.9126029268446008,0.9872258347350945,1.953255614769129,0.49734346861729717,1.5762033595410894,0.519774265051429,2.8010870391356724
2020-06-09,1.6688855407748995,-0.37190555729224944,0.2159627191047524,0.684166002925042,1.8794863756905438,0.5848542474633452,0.13397724049361762,0.8326381791789886,1.815311900486693,0.39458380925349046,1.4459096713472346,1.6328863537865514,0.9358052059471385,2.4291409852425705,-0.844932590777276,1.1231207467144588,0.29194210920975777,0.6815313345418846,1.3416254044238332,0.12213184314438777,1.3606223222207867,0.802268606767807,3.308938145952835
2020-06-10,1.7282619877831622,-0.40896407231801,0.6547285042755405,0.7265160416782313,2.0140673746857036,1.1192443094956177,0.05932654651494744,0.9763431050495858,2.0710851036793674,0.6577564580356061,1.9815367168870242,1.7582297728125478,1.1692274352482013,2.504056996718579,-0.7177438110027563,1.286458544257813,0.16628721736773389,0.8665933726298458,1.7655242581054487,0.29319513088410026,1.2799589952083306,0.7452819434205145,3.3779989773954475
2020-06-11,1.412930708495047,-0.393441576846807,0.7043407218699601,0.9770035443011919,1.5081934848965073,1.189050967293045,0.11782977366409791,0.5485616476251942,1.7886173906235452,0.6779156475032152,2.1388112188838893,1.523984252714455,1.074968424554548,2.292540865353291,-0.33624341052850704,1.4931138257028187,0.05594703387808944,0.8885228131389092,1.8204472681884805,0.2820983506564348,1.042663114116067,1.071342919635949,3.0657678432363524
2020-06-12,1.1841633353192278,-0.9034416542283653,0.4901679817302335,0.7358473094901248,1.9999476609905444,1.0163735654476427,-0.04632562043679321,0.960933805760836,1.5972717248109491,0.47139616897149683,1.854062170165707,1.3731266798104826,0.44204416318903633,1.9051196787548483,-0.6513810770966274,1.1802474184861604,0.6422266056258922,0.2497475346963986,1.6285589358192722,0.43359710037565125,0.789529914821251,0.8077274978218909,3.4027853963492545
2020-06-15,2.0272702708455945,-0.7305046830372138,1.5663962769403112,1.3215582091693165,2.691378473242268,1.4716499324073284,0.341012831593665,1.591750980495294,1.7977502007926618,1.3501017080952988,3.5925909032970593,1.8262753728169892,1.29372931240711,2.3559090557115523,0.3237021625070259,1.981421327448013,1.2819847030384635,1.0253023919516893,2.5494914826755823,1.1231374024138137,1.4664186358434166,1.1658688004778517,3.743077294479285
2020-06-16,2.076479494321565,0.371873281700262,1.5542349930300925,0.9695026509677175,3.076570901622664,1.180134147087914,0.07466552158133438,1.7007881475759454,1.8746486823172204,1.2061943784383822,3.1797597493374528,1.689494821764009,0.8858086507236537,2.0852135538167076,0.18773229775302452,1.9201181063957298,1.3550297022543587,0.4867852619581106,2.1502234896157204,0.6633023782007144,0.7479190815557827,0.7173161567389387,2.881616833818587
2020-06-17,2.3901876912294893,0.15746458114696632,1.6062973906303422,0.4658829768985158,3.0610112065319575,1.3168801801729106,0.28068642545811434,1.6647327244319037,1.4178539129453598,1.4208128477606592,3.8896533978491865,1.3550586763678094,1.0695947879957999,2.1815941822442086,0.17213930506570635,1.5974057557686545,1.1053676498031932,0.9888441743835188,1.6055397720947848,0.08240405932442357,0.37274679194974314,0.6060854775877509,2.662706954805949
2020-06-18,1.9926651016949488,0.6490905769896789,1.3671422622869693,0.7593867823858785,3.233205116972993,1.2321944620783223,0.09508277829381151,1.4611671179948202,1.374277997332827,1.428160926463404,3.5495194018368323,1.4606045441448232,1.242312086751248,2.2282227067545852,0.034443731896786796,1.2303506293688171,0.6658794724969945,0.9750572907249118,1.1880539062216495,0.22539536113059133,0.16817097469706654,0.7755699248872883,2.013559942228177
2020-06-19,1.7205600011727975,1.1611965872211696,1.8197384583910536,1.1252748888958521,2.986985438359962,1.5199618224139018,0.07554266305311896,1.2799591244430184,1.5060585779740336,1.0059917307675366,3.4139995945412185,1.3425422114210894,0.9283837839866527,2.4859295826704133,0.42541294617598535,1.4792193122061745,0.5709826003596536,1.0519450032385584,1.4143782768471267,0.5192889955556205,-0.059740037856366265,0.7306486189967009,1.5826675429409556
2020-06-22,1.9425951725450974,1.379566589990207,1.357750894325918,1.424523624197112,2.501742735087303,1.605260556446797,0.097007537965112,1.4523875763224832,1.6015063120051003,1.4112256136280927,3.456404752434609,1.4584492744931452,1.4584014238712324,2.3255456353270345,0.03211545403155919,1.9359983466879223,0.7242262649867633,1.4080258467397841,1.44268201988295,0.36428818012789277,0.018208072395789227,0.8103191817931846,1.733631171257229
2020-06-23,1.3033079035498638,1.1540320229233254,0.6678543900731571,1.0424138741711455,1.9483110769562673,1.1997216881436192,-0.34579834741614995,0.9080268651251485,1.2945738028413427,0.5207883432062409,2.7478626956806886,1.1996179056944545,1.1514830485575527,1.8933304968293263,-0.0979588037894753,1.11817328645874,0.4063881073101904,0.7006856450317278,0.7394936676340002,0.08787318972594202,0.09790320591207563,1.1228849455290246,1.3613599814055963
2020-06-24,0.7863730789368447,1.154190086802548,0.39623541810490304,0.13068100476549244,0.9924284045512136,1.2080101871323214,-0.30646230316609757,0.037193477960899224,0.6947593516276326,0.003142988832994964,2.0277431611332632,0.2893363335514986,1.11824462890871,1.587277330314719,0.42775028535554754,0.474395116974317,0.06745117178334203,0.7162244236904443,0.4058944143416783,-0.3623470929210084,-0.29837293591303593,1.172319851085728,0.9484112218934085
2020-06-25,0.4432129830827677,1.2030023666979974,-0.13171118971972398,-0.5373386954165853,0.6242016908138439,1.0165029174091345,-0.5007658792224617,-0.35780023166476943,0.4904010684148781,-0.10394434026146354,2.0078129887485647,0.31943441596557165,0.761374872038879,1.4514208952992937,0.3515060409387573,0.35909609930281017,-0.29620197508394935,0.512587734521928,0.15726734347831522,-0.6510111666774594,-0.4976923436013854,1.0669621642499774,0.9144854819050326
2020-06-26,0.3959194583207755,0.9582152859905226,-0.20957102823445656,-0.6767955756638111,0.686997037495562,1.2054964073720598,-0.6018791416127685,-0.39391554597147066,0.5665427414055892,-0.19631733826028894,2.154301572266517,0.4885966217953411,0.6518467406370544,1.1961766798862243,-0.11692133831083937,0.29561918157019784,0.5311893236141286,0.429781528538831,0.37662082544292236,-0.6433129363196506,-0.4058102582616654,0.9982331218903385,0.5036258877751718
2020-06-29,0.5322904377723586,0.6745195871586334,-0.28311611352101607,-0.2735346576045552,1.5143360202055172,0.7932313387869806,-0.785719764500866,-0.002370591114897347,0.5685228949259528,-0.3558366569949979,1.93175694581555,0.6114028365885397,0.21061781873930008,0.6424485147491117,-0.4762453775696912,0.37896746377019463,0.5635880390298665,-0.10600905709505809,-0.2310754903520878,-0.4522841380200272,-0.1657824660506482,0.9670494643462518,0.5091564348154393
2020-06-30,0.7067173709315108,0.7906350110312828,-0.06366625276074539,-0.20683840814022722,1.1533196419140714,1.0410789997229437,-0.350745843945858,0.10512640634575117,0.5044871805873572,0.008643357285663067,2.0636722843793374,0.4296881150419731,0.5339672549982926,0.6331456489565934,-0.23027214642306376,0.5729116080246968,0.7710586695435997,0.2661590326196463,-0.07320393373387674,-0.3827014893473072,-0.17665864007028584,0.8575113339795077,0.3735381649026562
2020-07-01,0.6829599331620693,0.7387677300716271,0.3040770477463836,-0.32450441991592166,1.328517608342928,1.3736804725972667,-0.22989741259851415,0.23300494450181675,0.5138986459054808,0.520688196185866,2.840184533113396,0.9927078172526985,1.0830776604718866,0.7305333886675089,0.02035843088850628,0.48017724303540793,0.8572778596391819,0.6289389372137701,0.1748208592321705,-0.22377929954235912,-0.16282082169160983,1.3939942813581965,0.524095854249228
2020-07-02,0.43813460533834275,0.6282461229770591,0.04700677888660826,-0.6392272324755501,1.1766043133474184,1.5839011519005273,-0.2572254804970665,0.20446836977539784,0.32384509664314964,0.3759499153797975,2.542090497654377,0.8996734716579804,1.1034981012466176,0.7980877832166827,0.5463313247408687,0.43845388313960326,0.47060012961628805,0.5399204400637828,0.17121931614482333,-0.20898758380254795,-0.16666343843681186,1.4556487575843229,0.503695443287657
2020-07-06,0.7385209867726561,1.0246128702837067,0.31478885236838283,-0.5824531009075093,1.1804141611496857,1.8891731500008362,0.012424320489917345,0.6119483319161784,0.4229315876402339,0.656762957192322,3.085359644553986,1.1025231554621577,1.2665324649116179,0.913577745834612,1.1299559844918652,0.5362311656158587,0.9559881119056142,0.6811804105344909,0.34608710950886823,0.06603991761366979,0.23131790004282954,1.2486701062464682,0.7265994970667546
2020-07-07,0.11865090121743144,1.0091700094175517,0.1250496133416974,-1.1099036085158314,0.33085687901205796,1.2758217842078805,-0.3933865855558768,-0.26969346198274136,-0.06442271438717898,-0.02809493880877023,2.7768033722123544,0.3565830925325512,0.5248421899438459,0.5198130466686265,1.0626552519932129,0.06606575314925422,0.25039744655724705,0.24595381623036672,-0.15809010996239692,-0.5853464277260975,-0.6000033555896023,0.9787490524031386,0.40687370330250083
2020-07-08,0.21571715397917257,1.1696454173286643,0.1288047725045658,-1.0577423586911492,0.2500913144291597,1.6890496876027752,-0.3246054303585366,-0.3653744584286116,-0.12654349692676112,0.13060918088747658,3.1175043902122566,0.26219434144381343,0.6333094728833217,0.07634648342162492,1.3423325493953473,0.06032673063281835,0.1107350841394758,0.2802903860294603,-0.015621677918381816,-0.5227446370900751,-0.3238875024222246,1.0592676032234232,0.34836752798207904
2020-07-09,0.04143885581967388,0.8117330628022335,0.11051004282798815,-1.3202435160410864,0.13422227002578885,1.4800162666154837,-0.17711787223228392,-0.6880268052633258,-0.2910809235032485,-0.0773410193815266,2.461677047287957,0.4458507940927289,0.7332234770237724,0.10876043729502533,1.441936518666824,-0.10954788958032424,-0.00019435792483732395,0.3388622129524004,0.05505038819148547,-0.7276036480936228,-0.5886687704361445,0.8728374887249124,0.13026347932421029
2020-07-10,0.15625874463024392,0.5013656972267605,0.21215597875743397,-1.1375809565834771,0.2957203014075557,1.2056465992112726,-0.38203155233098246,-0.5186229013208037,-0.05046306312237532,0.0014958064402335602,2.1679723149742545,0.5905463490876801,0.7445441564350547,0.2006687234843773,1.0781869714937475,-0.02071463480527891,0.33853788948865493,0.14725771506817362,0.025784589128800384,-0.5999921269800292,-0.49711350090921147,0.6551940578647955,-0.04897436710809511
2020-07-13,0.6983454786242087,0.785506801853892,0.2671772797212398,-0.7895205363136184,0.6632994206496114,0.9912470968100262,-0.47194920064431356,-0.14900410327076402,0.7761691629047267,0.24936316663271482,1.8977793944512504,0.8687140710335792,0.7204971584309124,0.31187698519859386,0.6686545427766227,0.43316900956075505,0.7868342972947886,-0.13355115355916702,0.2377718787062375,-0.46205426194575844,-0.19632204434332629,0.6361863685020931,0.3450117045816534
2020-07-14,0.6950305006741024,0.7185686500567124,0.1781381731830689,-0.8095636499733393,0.617588607754676,0.8609539949867555,-0.5709538471209027,-0.2975555154652694,1.0273927199519166,0.19456043312238597,1.854939801947964,0.7440057281812555,0.7291550734969772,0.347142831689598,0.3501242568860285,0.7129639271292382,0.8449206089586745,-0.3670952648503331,0.22847308739559696,-0.4508036472418351,-0.36456673747068724,0.5568860353318783,0.2245209872628371
2020-07-15,0.8358271919165807,0.9312539518410706,0.24932421162582208,-0.39607229391198695,0.7079500914735806,1.0472908956626248,-0.5827080584537176,-0.03652509368422069,1.2520699413586003,0.6396299236627245,1.7678551622664176,1.1954915508345108,0.6427746205866463,0.5685236562630525,0.14736206206137503,0.9083251550884837,0.8750958419246566,-0.3107752801685043,0.2157555929695893,-0.2864818331785461,-0.042196989418534475,0.606997840142289,0.2583350666387202
2020-07-16,0.9467821257260639,-0.2650074883606286,0.2990332676081433,-0.5241349667917858,0.5996486765099376,0.8508960564152537,-0.6922166551114277,-0.1348924574289674,0.9618200945723007,0.26997877123344777,1.6955890932472824,0.9313425128365733,0.22432912646574488,0.26733118432783476,0.012493085870094012,0.7282780836388476,0.7416351512157466,-0.49210318402592157,0.13210365342480762,-0.42291099868544507,-0.18210894616925682,0.45269169129519404,0.2050670388414016
2020-07-17,0.9930473142062337,-0.12574166656266766,0.3762953970812152,-0.7123051091769399,0.3015486433087632,0.8739547062510087,-0.6664537419657754,-0.243622015417133,0.828361796647823,0.291968171489975,1.486180062225502,0.8049726840720448,0.25635646462391215,0.010463651829980491,-0.07644637650093025,0.5813538236385098,0.6719747504573069,-0.5454748700080629,0.25093481450202776,-0.28455198719429275,-0.08435706160863668,0.47837612327980367,0.15231631300277476
2020-07-20,0.8890620518681094,-0.11806103092722368,0.39091770623781963,-0.5307391749790951,0.4107022820582504,1.324700176440539,-0.371906498037756,-0.2751729312719859,0.7637607624784588,0.5260560152215382,1.76201727931408,0.8822379310225666,0.3962386557997265,-0.09655077100494869,0.09518096000226314,0.599004871132489,0.7194276347092794,-0.13231177846886402,0.5575078150816227,-0.36583542767784516,0.009037110402907271,0.5954128426337754,0.6032354280954945
2020-07-21,1.1030995624594904,-0.03700299191811735,0.4425479513031383,-0.07635983534839974,0.6696186014373263,1.2833841978132035,-0.2524256530347181,0.08358742074225194,0.988534635176232,1.1116807512519378,1.8435832735413902,1.0471110036090663,0.6676677744302223,-0.27892861035479105,-0.0022377536648973545,0.8787870253348935,0.8843495593539852,-0.1143657244258215,0.9595127016239919,-0.30448791484387233,0.20374376404679873,0.3573848212301807,0.5696377440189673
2020-07-22,1.0441580822050167,-0.2258478496794985,0.488078079967578,0.27841614248143237,0.6974955796286612,1.1791826668952319,0.10846652985098196,0.09994761558684583,1.083434162369059,0.8206156032629304,1.582543815064991,1.028631392818028,0.3771596407899125,-0.2866923862632497,-0.24451981733734085,0.8741937694998321,0.8672930116638276,-0.27857876091849604,0.9264201456298071,-0.30185470802078107,0.039984874546762944,0.24884509836213015,0.42286157915614325
2020-07-23,0.6364466845933285,-0.517061777452116,0.4358477777388339,0.21893185949417657,0.578066762083089,1.0248324409656275,-0.07791107997629115,0.08484943761302625,0.9627884260079271,0.9389843139304208,1.2644365229130363,0.780323376564548,0.22287527677940702,-0.31673865402873086,-0.32260489904194095,0.8651831303391784,0.8520728089583887,-0.2724131201722263,1.1962896409075108,-0.29917084275376826,0.1952074421198831,0.052935286720599856,0.40768604663181035
2020-07-24,0.7109963245020108,-0.6498326546692688,0.5088151274785513,0.29458699861825394,0.7762588407810664,0.929018407598174,1.157971320250582,0.1405175654042117,1.1388846537654223,0.9188767081169364,1.285421856186376,0.971502799305941,0.08089181840002116,-0.525239917188948,-0.5611121420233125,0.9366609071708818,0.9102444897092989,0.01823191569679819,1.0793710479328542,-0.36271917215655136,0.08965004676717271,-0.021868063353407186,0.3058686171177285
2020-07-27,0.6284775754715044,-0.7859396405911208,0.44894433748345175,0.18139382788002156,0.7083163953165087,0.9196618905458595,1.1258096540957268,0.019514833112454923,1.1306849191770667,0.7822804802523684,1.290165407449207,0.8619196237414778,0.20694191411166438,-0.2889805957084946,-0.6659195847501841,0.767745645206512,0.9892384783375949,-0.028622052459436026,1.325051999041272,-0.25266676104513397,0.014185920997474996,-0.044762442960214865,0.321264687853521
2020-07-28,0.5859818038150466,-0.5179958466468152,0.680309567036181,0.3188030891296799,0.7368111150725281,1.1001325245296147,1.1843454348459765,0.12311273989447095,1.093649792229471,0.8031053415045046,1.2657450058352706,0.8886526804444247,0.3131758419252566,-0.30245741044111596,-0.3480452872848446,0.6869993507445784,0.35094413430219085,-0.0822342316139715,1.1597812857287293,-0.3371086633406463,0.14772763892343854,0.23214849361751155,0.4183435041724678
2020-07-29,0.6355182204210457,-0.5146449180167671,0.7207120627027791,0.13515637082886828,0.23164075120686284,1.0366857270232677,2.223732182145248,-0.2978585163358054,0.9889119750716646,0.7499116638136717,1.3291482035775193,0.6787834881051313,0.4484952807364355,-0.2985016840375251,0.017471031743481302,0.6002792867659852,0.24397801405794395,0.013771503744791622,1.381257449774088,-0.5609630152353959,-0.46221398584692497,-0.1438826238804331,0.25005815995315683
2020-07-30,0.3402589205600105,-1.1862510650064932,0.6415806620514006,0.01393729573218036,0.22179050563517136,0.3912121717007985,2.2625367682968918,-0.3658667202634653,0.8210502696145382,0.7297724591937063,1.3268559894342773,0.6728192805438462,0.4386532371546469,-0.3002252095511167,0.6516670807975404,0.5133335414198349,0.38101386349764277,-0.02800308026659081,1.4432396390932218,-0.5954034513013369,-0.26803089759128496,-0.19504637169768121,0.273566961151494
2020-07-31,0.5062618489018993,-1.315451451346683,0.6727343453822286,0.0760455701352151,0.26203622418900024,0.5107322304835289,2.31549572369815,-0.3054029682973781,0.7697733125560579,0.7808113539128948,1.1513971178394604,0.44751414196154865,0.5220186256452624,-0.37130626238895836,0.4077309692154443,0.6929110572705663,0.7917597283911324,0.13863445942283012,2.0720068670234566,-0.3816826107558252,-0.03739783677395186,-0.4633197773144054,0.26387327744425376
2020-08-03,0.41661755637210274,-1.140659351494552,0.8372976503820413,0.04407430803851414,0.3853203852832693,0.4048388198471545,2.142223849015564,-0.13623792010948388,0.7404141646361408,1.0109374509388158,1.3526234126558923,0.442515209909998,0.5417227483930128,-0.20344264629793535,0.11112309528188079,0.8012419984509143,0.8080589243998925,0.05790490622338916,1.9733919835318217,-0.3832349853639271,-0.027000002260928954,-0.36992652209785276,0.22003091971258157
2020-08-04,0.3681373114276173,-1.250531672390012,0.9520060756831296,-0.06342724289121807,0.4703535031648577,0.21488721428790108,2.809595817504883,-0.22684119327218444,0.6213209139930316,0.7114231936713075,1.1781459448315754,0.5123165508414202,0.2021488724594698,-0.0555579277840868,0.34357133538255524,0.6428756809372784,0.7753861947890717,0.0934624098178122,1.7869722050119008,-0.3936913707228834,0.2537480818623675,-0.14392747803657982,0.12334369676814244
2020-08-05,0.6769742516848987,-1.2410781850857693,0.9933544506848709,0.3679982788140913,0.8529107964767574,0.260371786778267,2.8226636027835634,0.2148214787410891,0.9375577134473382,0.7064307520614695,1.3090033702379502,0.8800287021607949,0.25633355260086027,-0.150002373300327,-1.0335474363336892,0.8637892599986954,1.0472994635291637,-0.028433012559417135,1.0661182625621575,-0.1926822416401513,0.2866139585730108,-0.09861854500631766,0.4009363166481491
2020-08-06,0.7545230737152469,-1.3122739583330794,0.9457597011662933,0.33941560584536434,0.6625723355100643,-0.08647860369550867,2.8710567690801656,0.2394249053820651,0.8740042448861872,0.8236562734204906,1.1712904033348075,0.8305331081397497,0.42230002911652836,0.10591959527010758,-0.8497310346546301,0.9097537872262537,1.071323787297748,-0.023357459410713377,0.9860500325799099,-0.4702913245047512,0.3825965086577481,0.09886469966933144,0.5381665155602153
2020-08-07,0.9621408584420801,-1.2240660322202108,0.9014553086510391,0.6423134512189755,0.611411296463136,-0.052592224497097564,2.215006882245807,0.4913999887639887,0.8293271892201308,0.9788124012775439,0.9831678235302016,0.8459706209881068,0.2421224214189967,0.02197300573055988,-1.4185306527121846,0.9879927699186231,1.0932962231006582,-0.09733402990398346,0.5412601311285523,-0.5266261526241395,0.15540855975295664,-0.001108696314215868,0.9630051507012428
2020-08-10,1.1753832309795997,-1.2501043992678795,0.8660604381016628,0.6103742850566407,0.8426810652351282,0.04463630437209236,1.8840193229098627,0.7713387390973059,1.2721102583193185,0.8027759129725863,0.778925243584705,0.8535970272492652,0.13060644921010361,-0.22750134904334557,-1.5728082106919878,1.0988919307790512,1.187911163384448,-0.2759451457355448,0.1778911818860575,-0.4860653582081252,0.14417157122554722,0.06538461357258088,0.9557035443661052
2020-08-11,1.326936626190082,-1.3377484143326908,0.7750608396647505,0.6943490752140196,0.9513943437262748,0.106739310903392,1.6455130139134264,0.8221964888423698,1.323115542650041,0.6385703031020566,0.9234082986409535,1.1232026331254195,0.1201223959659896,-0.21349926554909338,-1.6179229112150262,1.1235095564170958,1.1045367664118664,-0.1873723730801918,0.23667121095959753,-0.4237124141644629,0.1602092250386521,0.09331957827565313,0.6723387475453426
2020-08-12,1.3374108814181496,-1.2685104359144481,0.8663692263358949,0.7616076387177984,0.8411595835885424,0.11902262660524404,2.1935769322715015,0.8863989962412548,1.11352848695989,0.6717308352445541,0.9196214556431863,1.1540301867526352,0.36190734727247076,-0.19003877496809451,-1.4848925039495033,1.236581186051421,1.2025840407399346,-0.020717965484521372,0.1422579642418457,-0.49435428211553917,0.26490036384435034,0.2782223848859221,0.7943446411535117
2020-08-13,1.1527969973525742,-1.477848590093768,0.876266307303009,0.6519042011264001,0.7071150467610601,0.14372294153520704,1.8902586533201755,0.6336703193469947,0.8815053664609287,0.5106835789191215,0.9127370186176618,0.7841672529012856,0.5643719446259795,-0.3145482958103837,-1.3901492371385773,1.0863934754832187,0.9111594409550976,0.15386202073482236,0.30215783228607007,-0.510509251457775,0.41917102707926734,0.0853138041677558,0.8622533498961059
2020-08-14,1.2098068594729054,-1.5042183489914136,0.7547435325139069,0.6312811238891975,0.9324463155140528,0.16820537386698,1.8682479428222432,0.763331728271719,0.7645411837740205,0.39038189609966184,0.866049993182063,0.8387412294226995,0.5843942250135165,-0.20411898992177485,-1.5191966640011887,1.091047644598792,0.7345644283356617,-0.02267942011617327,0.07055200969309393,-0.5865419762282993,0.12185393836564512,-0.002591719718813418,0.9419496198541952
2020-08-17,0.9586572618275864,-1.3966011831936274,0.5264509348459862,0.2929670118551101,0.562584641001955,0.15706978874410032,1.9160790314017428,0.4053306007230608,0.5182453208735004,0.2071594176575593,1.2731830453344477,0.38762589674846193,0.4380820663295385,-0.23766026145857921,-0.9030155379700422,0.915280652239875,0.455747838642313,-0.08333868601075303,-0.02332456862125,-0.9034068432670712,-0.45158413816781506,0.11209004097462108,0.8437396816814777
2020-08-18,0.9082857506444963,-1.2826842016888178,0.5898032972709368,0.45318418633402774,0.6043338903818196,-0.2383350407834674,1.5880572535876358,0.3793935659352228,0.6536701212382933,0.16117547735253712,0.9724689962933359,0.5602520639767836,0.4065736192372524,-0.16418629709922317,-0.7687495111815781,0.9765019548415346,0.43573722594478526,-0.18817689207906796,-0.04614572389741678,-1.0265285419732573,-0.637361103043306,0.4410770305529087,0.6620760470660655
2020-08-19,0.7163799544497675,-1.165545447109137,0.6913237841424497,0.43678234755376966,0.4843754282660593,-0.19733154197413072,1.5008773326773186,0.23853516330320035,0.4795935054297846,-0.09117735619410439,0.9057445674991549,0.4193698651971598,0.27449660311605933,-0.2625360023721283,-0.7272265258905957,0.852822067166493,0.34127862584353047,-0.2313443945416371,-0.15297665180190906,-1.0984818350880772,-0.6722808932427451,0.5013384888306885,0.652763202464342
2020-08-20,0.6988401256540672,-1.185363862778352,0.6531715242290137,0.042856645920746075,0.3966097746092849,0.06196804762165395,1.4141939421292855,0.03458780554058383,0.453719530653595,-0.1899048512689207,1.0320231400397892,0.4086831193882393,0.6246078808318358,-0.18763888173062596,-0.6911110359147303,0.6913878669915265,0.3005903507137338,-0.04998958415748256,-0.1907159943323962,-1.1817854938691172,-0.8771541189116434,0.5076742257839695,0.4989755794560225
2020-08-21,0.8627195025675845,-1.1739684230796055,0.7652302310535966,0.17004488334242304,0.40502554675516733,0.06475246518825595,1.6065263645682195,-0.005622170407704241,0.5609301902979187,-0.1422998808562559,1.1426058994531305,0.4522487543322906,0.5709685429767732,-0.1853616853539704,-0.485019585932838,0.6672668920342161,0.3746226326610282,-0.1700889755387649,-0.19398480655020622,-1.0803065711979616,-0.9439746643446303,0.8144427628593393,0.5604452690397614
2020-08-24,0.7628182276719138,-0.9792360915889664,0.7518004169227546,0.288439482371544,0.5915109547155165,0.15187889638012148,1.0781410511919698,0.03597625650011963,0.5600834831440039,-0.11225282826355067,1.0807933162027625,0.4640668741825237,0.7379223673388511,0.07037204375791625,-0.5932338125115935,0.6338839537246853,0.5633904317928606,-0.10104026893392534,-0.3253920653628527,-1.1280287216430878,-0.8978866764232725,0.7124298794149657,0.5111087406030262
2020-08-25,0.7595830323753618,-0.9253382740583715,0.5546126251410834,0.018282814458381175,0.4960613852548716,0.29909153005646694,1.3898230351850358,-0.07725769493608484,0.31406473497149107,0.12418759236067753,1.0646629121194202,0.6154629837763141,0.636263471065539,-0.20179590549068016,-0.5342111391181088,0.5116078029819395,0.3897540690498955,-0.2525877840679901,-0.532975856642196,-1.3046253514343307,-0.8965818663841438,0.5784106869571108,0.4481034618784998
2020-08-26,0.8712800317370926,-1.1913102709552985,0.5271370438581676,-0.0418765397597317,0.41869594073313593,0.7017928113088066,1.4885019338080685,-0.11160256120303566,0.45047250992454035,0.33365597250860374,1.1020038907101748,0.8117493636753919,0.7341997697776406,-0.28064864145099405,-0.5328422367566047,0.5609394708803113,1.0198043119598392,-0.08774112389454919,-0.2963740725322693,-1.0345525469900203,-0.5498451395624145,0.5845056698785347,0.5187714369087882
2020-08-27,0.7769058166826925,-1.247232653577853,0.37681333259666067,0.06556956791664335,0.5824601485794625,0.3922729305032502,0.7506432487635613,0.09923850234450612,0.46336237756593784,0.4716335815786483,0.9986931069091672,0.8649823916245549,0.48043607183938225,-0.2539191416589336,-0.7071318463304154,0.4337127476894996,1.0360637614454018,-0.3135736957793643,-0.5640383776153327,-1.1438243263797165,-0.6470496540677055,0.6224013990214845,0.3803392731375924
2020-08-28,0.9691510694041516,-1.0179943973416115,0.4557799939766879,0.15178020475260126,0.6105400321600135,0.68672579773304,0.8014501680402758,0.38250513941612696,0.5899553249230712,0.5435753828990707,0.9479677189416058,1.068874570841305,0.4868828951930207,-0.177164359767577,-1.1942906907939332,0.5260504501182487,1.46136016631055,-0.2927894475573057,-0.6271347806943935,-1.0890056692412486,-0.3511336741171516,0.5397772852167855,1.0659191356735003
2020-08-31,0.7871820477155167,-0.8743817611615701,0.2500128725307115,0.044194428903215996,0.5533719585212195,0.43066140809756737,1.2362589135908202,0.33379456068402863,0.5737233899407918,0.37762938457296513,0.9183461103873329,1.0264733653440554,0.5155159412538972,0.5200416062772268,-0.964300724926983,0.42651869374307405,1.095882812816293,-0.020293139125448764,-0.6669039066296992,-1.0810318473993064,-0.478194587423425,0.7687711160626228,1.4009034640859919
2020-09-01,0.8296743309607462,-1.0139067191520676,0.16470069484907918,-0.17162818031049965,0.3033700657643369,0.6962161641272554,1.369955802412945,0.09491817582018594,0.7236377415790141,0.35852744411427895,0.9277883306684811,1.0049439388480446,0.5918909745619357,0.35084590426631596,-0.6509911118622684,0.3700243933460414,0.7244379888210641,0.09314808600941564,-0.6683038518056296,-1.2606935575371891,-0.494192355336746,0.7429929775618693,1.6073466186701117
2020-09-02,0.8271922034421042,-0.871707917533108,0.2294273648776763,0.09435878010282692,0.2315171001843044,0.8461492295562012,0.9156279045368043,0.22904715127274666,0.8607804938730783,0.7993169347590882,0.8541891178896089,0.9812424137719542,0.989754238166954,0.4129917126655502,-0.7329159722948172,0.502962835054775,0.9840670204065256,0.30804917414643207,-0.5271673083930153,-1.109226951098707,-0.4322527355978275,0.8973615419519754,1.8304740756505162
2020-09-03,0.2840091253951861,-0.8410487841772766,0.08653791908477124,-0.358192069500407,-0.1553356818916793,0.26418539660778306,0.302127130633659,-0.196636442640728,0.44792753602585067,0.2382620830357212,0.334300917961415,0.7157760702683071,0.2604845347870905,0.32116384202576187,-0.6395950321597751,0.061463207215603624,0.5861578497369682,-0.23833617769598897,-0.5855579360967598,-1.3206070151260478,-0.8098102675446583,0.2185027512546887,1.4149994294456887
2020-09-04,0.305094320917472,-0.645993344978318,-0.11187665176931275,-0.3754117380001327,-0.21790015232558305,0.05074447152499082,0.2216607664839645,-0.2148513323685687,0.4857520763999815,0.02725683147077768,0.040131207432267446,0.49500899293189254,-0.14073206111156455,0.2496254831995985,-1.039695431104199,0.008293945886286654,0.3647491302363626,-0.502534375863097,-0.7477759665195808,-1.074543167171687,-0.7689038954770784,-0.47193550366464887,1.5328384122995868
2020-09-08,0.16625611532100595,-0.7634518617778778,-0.15532322275014485,-0.5065079198136583,-0.3140292478701713,-0.09321825016396554,-0.1555483590270863,-0.37487423755089005,0.5597469011179135,-0.129423952375919,-0.05681395034257575,0.48525852287589477,-0.3905390350280115,0.02422915080344079,-0.9018236008401552,-0.1601287090579705,0.49994999073947677,-0.7716838578684372,-0.7845663330923371,-1.1594288011461722,-0.8625778418497303,-0.8138327816484658,1.509976464072993
2020-09-09,0.30091472599633556,-0.6337992092110372,0.11348972112061723,-0.36979565631393824,-0.35189097826141735,-0.025470116548320213,0.1041817458885424,-0.4402041589862338,0.5695257666921014,0.1430913663898033,0.17309993970668283,0.4438115511931544,0.006176188296907508,0.08961729995316536,-0.7592595074704573,0.019403378689027168,0.5731965752764518,-0.4899254498099679,-0.49742001432116434,-0.9677545736515414,-0.5380703495323726,-0.7514913672675663,2.5119577887262157
2020-09-10,0.48411145442274484,-0.7344216273947144,0.22788050516330854,-0.3159346352543858,-0.18729987373017407,0.26654184074352005,0.3351909161644048,-0.2497158687447963,0.6807496868033395,0.32239046765530543,0.20394831235328714,0.403167481486696,0.26171278447265894,0.12144006545305089,-0.5901615621773932,0.09051166768649826,0.6304379785413873,-0.2923832874160124,-0.43340044163402014,-0.8476524732659296,-0.0679064441089762,-0.7751112487768679,2.5124466192588595
2020-09-11,0.503583175282821,-0.6536169160601442,0.05227710521783874,-0.027251793966509306,-0.22493207672903526,0.00861583900097554,-0.11479631157040421,-0.2313975377590134,0.8459028991333697,0.06758100735056081,0.06896461185466957,0.20208227031490722,0.06371229883236193,0.010712874826742935,-0.863623915015455,0.15943198775662176,0.5618661127998269,-0.3788827870805514,-0.5110267090753824,-0.8926582223341196,-0.1926985091838362,-0.7623855529575676,2.4507819950211287
2020-09-14,0.6455863329808174,-0.43018762228133034,0.11376389285216026,0.2442505120968716,-0.11825326590109123,0.03280425409983105,-0.039914444325439224,-0.10410822904537269,0.8801046063073119,0.14626044919397865,0.11521446278697567,0.1948992110034577,0.10994323592419136,0.2725318724685954,-1.0801761211385643,0.2650400380361759,0.5670997513721439,-0.35589223313122326,-0.4930724757573364,-0.8961097970171955,-0.3790740679575747,-0.4522041355873112,2.0355256929324432
2020-09-15,0.6717182327500628,-1.0293077682513756,0.26779796273829126,0.058750549689590745,-0.23638151223074055,0.2623191987039605,0.06555751495461143,-0.19748080314555677,0.4762425799699345,0.2603557459091569,0.349690440855753,0.1998084975343209,0.21741119258095473,0.6408789225692372,-0.941837304988991,0.2319723173309751,0.5223489041948277,-0.19980347391889602,-0.44570978439662345,-0.8861479098854093,-0.28155194284976565,-0.359154446705128,2.0919864462043702
2020-09-16,0.5704598004969195,-0.9198637796043347,0.38105065778460356,0.18073269356631588,-0.046608331399931514,-0.10382967314505197,-0.14839830312765068,0.03215915194944513,0.6988998522835566,0.3240458742017939,0.033519005118245515,0.40330245198848735,-0.209900796936741,0.6598096405053966,-1.3458484849172372,0.25547159773749745,0.7056913291390389,-0.29091156802795426,-0.46112074369526557,-0.7042586403882022,0.009086936888719976,-0.5479536261041542,2.0771204378382766
2020-09-17,0.6669982169093552,-0.9063933280835178,0.1491435791310392,0.225771337473894,-0.018395459234776534,-0.09757370795281294,-0.10580718391657684,0.06523989550904216,0.8738385035652961,0.30537904585489206,-0.10914989077147155,0.28281057218905276,-0.5787188572265708,0.42509013833697507,-1.3810132040423164,0.27456686534492686,0.5091315659703171,-0.2354661601526411,-0.5491323113038933,-0.6799302529992172,-0.10617186381235387,-0.8024280839397309,1.374793993185774
2020-09-18,0.64174679241203,-0.718098101043141,0.21047257677923137,0.294902063538904,-0.10120988129562468,-0.0977911679440073,-0.21995303054291937,0.12339646742457475,0.8072530350815247,0.36933439393957235,-0.11410351190746079,0.09508267119141049,-0.566433002074971,0.393248119916918,-1.2911846181385367,0.1980015174295448,0.48119462851241424,-0.11095607112227399,-0.5970053497150765,-0.5377145658431733,0.033679738669098486,-0.7022946919612149,1.3775413347729946
2020-09-21,0.3985311291521685,-0.9020617309611616,0.10186798858851642,-0.13534818352685313,-0.21351339690768353,-0.13650561482751122,-0.0834922140488154,-0.0745977699673905,0.48334754654506323,0.0916910367541526,-0.13534874721130777,-0.23484042203115435,-0.6889679770191526,0.3418636712470059,-1.420401035337449,-0.14388878780812817,0.2176509798403068,-0.2693435292920888,-0.8027234717787756,-0.6797654645853197,-0.333351007123483,-0.6730533479924645,1.2363924944048412
2020-09-22,0.4743133735121218,-0.8757434736100697,0.4839933661925492,0.1342035721137356,-0.17222187703143704,0.04597021665031865,-0.09511876325507745,-0.03338155300017499,0.5358364827232196,0.26254733365560223,-0.021586522149030368,-0.24129412174489434,-0.4506993987939061,0.6030833248713844,-1.09016628911727,-0.05927402672719723,0.2216634207935536,-0.14722998598437065,-0.6216009584923691,-0.7370544102691077,-0.25584500805014354,-0.8659099703591182,1.23753517222874
2020-09-23,0.39895721594285494,-0.8214590532435494,0.3396822336664252,0.09961141286037245,-0.3322674780796297,-0.04098873507648594,-0.2036255648679251,-0.1680299836359602,0.381749501020602,0.27605874619486603,-0.07049708580667777,-0.3828890815709633,-0.7751176328742706,0.4406335942055669,-1.0214546889232403,-0.11541293653896928,0.21531265123491267,-0.32200445147965845,-0.5000447827538158,-0.806101655596583,-0.4400852868803795,-1.082906667672983,0.9852772081093102
2020-09-24,0.3640993207072384,-1.0578804187762785,0.25333037193816244,-0.05835050721232865,-0.38688056417228955,-0.20544574749483166,-0.19615916642459863,-0.18290546508602828,0.37113243810573854,0.13114922861046546,-0.11022687722669366,-0.379083556912715,-0.7624539783570383,0.31595234520267385,-1.2307620420861796,-0.09541642396226904,0.16599235148239255,-0.24283955877205338,-0.5548303883232238,-0.8248663816873103,-0.8902416620129179,-1.034671536454312,0.5922234618665846
2020-09-25,0.5870882038939228,-0.9320108189754499,0.341323559953279,0.23684944188662158,-0.10058274622406856,-0.1496335758865281,0.09339807370661934,-0.07756841854626009,0.4485482462424015,0.2677684535957897,0.052642054875681576,-0.2417261063096256,-0.5523242012433175,0.4362036941865478,-0.7718526832320223,0.05227873361027194,0.2062335840454506,-0.10386119016397335,-0.49275806108702164,-0.8843216677944898,-0.8714956027205816,-0.8810207448652475,0.7253675261666217
2020-09-28,0.5695523324727412,-1.0636394733542085,0.511318813785007,0.1853596068436219,-0.09391895739941658,0.013947071824783747,0.2546964772936905,-0.05165322485492747,0.41766832701572987,0.25357309364960423,0.10623361736065323,-0.220624994681308,-0.3572623228466856,0.32752518116814555,-0.8317061910411847,0.12712088871482205,0.24578938773532297,-0.14553363565302344,-0.26224025398825945,-0.7661128672617954,-0.8128130313350601,-0.842337310611474,0.6788343527806884
2020-09-29,0.37053965492197954,-1.1573395220057872,0.45498592611657496,0.16979377656676914,-0.08385883008132557,-0.07920957315806584,0.2146239609477364,-0.24760091980248722,0.3616320854922503,0.15590302002681855,0.18176934791259874,-0.4180343065877226,-0.5372857569186926,0.18810339498664366,-0.6795845775057252,0.06640928442448696,-0.027588320808601713,-0.21171177664922503,-0.11445335898913675,-0.7365117491858246,-0.734014590457817,-0.7554326026713163,0.6305764094376773
2020-09-30,0.4668297671579629,-1.049965101197735,0.28717600790714376,0.1576072175363573,0.023031203294341794,-0.16744195958725214,0.06632805958934151,-0.18029268133856824,0.5058012200501975,0.0007629109306187543,-0.08622959171526469,-0.3220955085931207,-0.3885009480111212,0.0010813214396958454,-0.8460177486750302,0.14800065106726876,0.12787224009545708,-0.47564582726578464,-0.26015992814553673,-0.7473624461480926,-0.9078309001250515,-1.0328080542589544,0.38519121489877806
2020-10-01,0.21354508340776748,-1.2804170367640275,0.5005787385895519,0.11384863839764632,0.07226517987794384,-0.16795134018681235,0.2432980727310058,-0.17531836711073656,0.21167574025957847,-0.07997007522464383,-0.022638690294763453,-0.253473106617502,-0.3005926178342998,0.1517214895748057,-1.0574899880712572,0.07222528519522231,0.17992141551453564,-0.3970289427796474,-0.28657659302762184,-0.69727648656042,-0.8718835786878424,-1.1029564472981457,0.09047980051613919
2020-10-02,0.22400137914215296,-1.376956603627443,0.1030860503085346,-0.04392997780690261,-0.007857856661011766,-0.1995913549015373,0.009617004227871484,-0.11713213840058026,0.23531494368196149,-0.35525963074847666,-0.012368082104223133,-0.46222315648129364,-0.8055263652791791,-0.22751036529051383,-1.102433386837665,0.067487347700734,0.025943815901455558,-0.7800158621749869,-0.5457942831695122,-0.8422229764565048,-1.076453343899571,-1.2252345839627095,-0.21201412211671408
2020-10-05,0.6357202091199001,-1.2475731598191437,0.4500944368694276,0.33258420863633525,0.20492342213369183,0.23029637731639074,0.6041336597409934,0.06048665899332993,0.5500509055098425,-0.11054832612355922,0.34853441308697486,-0.3924054029614047,-0.44097453636450024,0.16470423433458825,-0.6289985977861856,0.47471817193836163,0.3545118286634537,-0.39563400089614753,-0.20188929301011257,-0.5763782724531336,-0.45185681992733495,-0.8694658855382479,0.04866814223227345
2020-10-06,0.5466454388714101,-1.5454572149148655,0.25345922382354824,0.19026172026826527,-0.08207053411875709,0.14455434448845347,0.4600376145460867,-0.06727908321634779,0.3751288418781586,-0.09741055980957639,0.2503432307315128,-0.33378526208645914,-0.5104823602118074,0.29791725015382076,-0.8026421371332682,0.5718884174592,0.21376938321051514,-0.34904927759333304,-0.12373351184443654,-0.2709162586937486,-0.030428962967113816,-0.7219227551612946,-0.18284881201214354
2020-10-07,0.909639616307606,-1.0805372805525764,0.3520991971359089,0.5921191557309706,0.2137903938969915,0.3355249204902469,0.5208778668647119,0.3061253945642454,0.5889412763340148,0.045841154210686935,0.5642714689961335,-0.11300877231519896,0.07170052667062728,1.1838996969612778,-0.5777345680977755,0.9372042811859219,0.3210927002634027,-0.11155132855269204,0.06841674777227014,0.7594489032622919,0.495727835794567,-0.3020234684859648,0.3816370162212958
2020-10-08,0.7409110752033856,-0.7967759547492448,0.21044229666024708,0.5293224972346219,0.25224889553649904,0.1520470098017105,0.45543273538515705,0.3347818183906084,0.4904030252252529,0.0416579573216157,0.5449621378968672,-0.020573602958516318,-0.002542637077680019,0.995138372094635,-0.7918409506835894,0.7817533992954332,0.22252776154360598,-0.0740633479731151,0.41426529718045035,0.6036209402330501,0.18995531018357023,-0.3546603315941754,-0.0017173993355040773
2020-10-09,0.7521627243035567,-0.2754335868131375,0.44680129691369674,0.47807691179975786,0.304646463271987,0.5579136026715712,0.44414423687778115,0.25597779597976295,0.6254646525800005,0.37705179658056637,0.8239880101568783,0.2408746158615916,0.2199840960432196,1.2699359273263664,-0.7419017515352722,0.8107654958380013,0.3424085564373391,0.43496337804155116,0.819011209689555,0.9308460991657761,0.6770915752923972,-0.25374174097769686,0.2812454601263189
2020-10-12,0.6339852640409093,-0.5762907022091546,0.65374032596161,0.3803581981237709,0.23336275195125408,0.5386082071562357,0.5695974749876094,0.20213072009452032,0.5258320864942628,0.42129987832038795,0.8120237708951286,0.40302741508845297,0.5201658509281193,1.227420919473035,-0.4838071777921932,0.6430194346921929,0.32605335324103196,0.7394667969483046,0.8037198218769014,1.0208852559569304,0.6981795293964028,-0.25542848371822086,0.3713722222810146
2020-10-13,0.35553887163987913,-0.9610065852126287,0.45158992399053954,0.19358875010413354,-0.009253375134176789,0.47005985584102716,0.5383279484936134,-0.08108343806552164,0.47311955334052036,-0.039848352900749145,0.7696605217404677,-0.0073960423052589494,0.4806171108265942,0.9104399863961565,-0.2905795795227441,0.4030466778165676,0.25666738940296463,0.7005561919106773,0.6774696977672552,0.7532074042915491,0.5044236321225994,-0.5017838916804275,0.08809370577002251
2020-10-14,0.28944132346232204,-1.1008696951566816,0.0825622020359487,0.23615340173774996,0.10794161042719194,0.3687418936100813,0.43512373618506567,0.01668552573265663,0.6989985041665029,-0.21510136377925632,0.5129791977688909,-0.11657719554824407,0.4496502893806095,0.5530897776099488,-0.33241005852231104,0.5056579451407939,0.19526334337218976,0.44012136537872826,0.7377462090498514,0.7680119338771134,0.4561531697500961,-0.7363354269100078,0.2098209314648482
2020-10-15,0.3871772350923312,-1.2695085643947697,-0.07418469508368376,0.0399950181883616,0.10193531319078518,0.532275220915121,0.43201556727278484,-0.006153882430033911,0.7203358097742538,-0.28937479109238684,0.5926120731475535,-0.25149601411168626,0.5523004451649584,0.4778598856666709,-0.4741103446258259,0.5772274095757991,0.22412385303129773,0.24687116973217296,0.5929974740923583,0.7695299497442087,0.3454525427499513,-0.8914159426224462,0.08413415782348543
2020-10-16,0.5010141351624283,-1.3919081576741097,-0.04563422781063741,0.08698427841513898,0.1791221072039666,0.40267359937226416,0.29709142776779834,0.16187954428946646,0.8643612003511387,-0.3297510650260763,0.5471792173325125,-0.310773481073042,0.5487593600631263,0.7209637658640099,-0.7696014328376407,0.6936209479740991,0.27949675865832974,-0.04709896064283723,0.5288734331692747,0.9345646577065061,0.3934102851679387,-0.7951567877579624,-0.005906916733192047
2020-10-19,0.33978028488441964,-1.6310652553905802,-0.3525288060890818,-0.10943210077924195,0.2257801612588862,0.448323237692393,0.29701276444178903,0.09309781880216983,0.816002829241512,-0.5993698541789898,0.587154838834737,-0.24409450025460244,0.27149506040678056,0.6505178128743915,-0.8262417137956913,0.5683891280268625,0.256721867351178,-0.2408925259148755,0.3558224767249332,1.002833564272847,0.3283017562318064,-0.7873757156009962,-0.16702927333808415
2020-10-20,0.5202101744586857,-1.4445835496268535,-0.4181741465108493,-0.44761880914936414,0.2879001291950263,0.2611881131545751,-0.10736889761605399,0.1926088168245021,1.10034015777744,-0.46968626482306763,0.40056757444012997,0.0062524327810567285,0.05336914665338083,0.942599046683642,-0.7884129791130166,0.8248530888861734,0.3626522148576756,-0.1719833524773789,0.42040286804613014,1.3819167144959523,0.6780872927787474,-0.9380915230558171,-0.012401727415245978
2020-10-21,0.20844788440974585,-1.4618268914785597,-0.5825625555594688,-0.6113139130293446,0.22968446712958746,0.13030217007776496,-0.16924602468048425,0.13642984150825935,0.9576426551129614,-0.5126612817513285,0.1967968353824997,0.11378360111484563,-0.08918558778102822,0.42091350037917824,-1.14227703747751,0.6568847354649455,0.28706237295874815,-0.15027031102464738,-0.06678559981620807,1.7015652828665555,0.9521198703375578,-1.0702750095749685,0.20350388945715642
2020-10-22,-0.27270962262051845,-1.3823924667010234,-0.5428992107336368,-0.48109547769501915,0.4573531774059931,0.19859688739083192,-0.4551567899530346,0.5335413083832715,1.1417232961368478,-0.27530549724482234,0.27597279240019246,0.5581662282214035,0.19869341138474178,0.7457284344652386,-1.0231448819093423,0.7574516388890191,0.3885360970241879,0.03952634823771971,-0.010430862266055385,2.546964916499645,1.690991543022747,-0.8533541474578459,0.4367409673287181
2020-10-23,-0.27488355562275996,-1.308686195790448,-0.5946776106371124,-0.23122781554103186,0.531429820003616,0.25359038234389725,-0.30710277484500753,0.6173348450807157,0.9991542139534628,-0.17129372326178147,0.18894282835630183,0.6481009383435887,0.1720203600363498,0.7028550374974853,-0.8810157733441281,0.7572862265993017,0.28768848885299053,-0.4330609114596115,-0.1371562651921563,1.9963675783976178,1.407828984873337,-0.8680152834536756,0.20966282399567546
2020-10-26,-0.432744498798547,-1.454142023665631,-0.8126696143763237,-0.5398934337080166,0.21221636163732488,-0.1459818914127008,-0.3280282263706207,0.4236224446792727,0.7410570020639384,-0.5812189457672244,-0.048611071117169995,0.36435503460162993,-0.2123220238832796,0.5886954099676758,-1.2672653280869648,0.5153013689768287,0.0899124631659515,-0.5701899962057788,-0.3082151383142486,0.9588385835505152,0.689164431719558,-1.1204099415630975,-0.0953615073927328
2020-10-27,-0.7445186478468404,-1.9998105802272992,-0.9356766237418095,-0.7493525117734594,-0.009818693392488684,-0.29769281479995247,-0.9097303456407677,-0.05977035659702887,0.36152172860937,-0.8287457274873791,-0.13175624428706456,0.012422104532886839,-0.39224778732981597,0.6024296285449259,-0.9587724598685303,0.1438244537494053,-0.2095702712952636,-0.5795466055689282,-0.42268631792781647,0.7773573027639816,0.6485569829110266,-1.0167159442461111,-0.267467120267685
2020-10-28,-0.8613767099954357,-1.7561428320553618,-1.0725688808511726,-0.9561701991717645,-0.10473845308977706,-0.4693549322355601,-1.2091577132071878,-0.35511832570092716,0.11593870258134058,-1.2491338815406403,-0.29360742417654595,-0.259485799106777,-0.846918787375321,0.24579962648789128,-1.056796310239736,-0.1960325386221567,-0.491651476616669,-1.0750318610823888,-0.7799014941520023,0.43611349253945864,0.09656207627136693,-1.1307302574380476,-0.4400619655418955
2020-10-29,-0.7441325444147678,-1.6554780637876858,-1.1215565451185499,-0.8124619338939165,-0.08573525151987803,-0.09799080128887301,-1.0846291400927712,-0.22642585852538258,0.32601787616897304,-1.7393062899648155,-0.20649893501234032,-0.20286610866495872,-0.8931409920730505,0.49633025184349333,-1.3248818963106137,-0.0973328008440428,-0.3960788349574561,-1.050965485802328,-0.8759599186413944,0.5395100332523917,0.39526134077466796,-0.9211485556115726,-0.5911586684989798
2020-10-30,-0.6077482443387822,-1.7061757621471458,-0.823477523023519,-0.8166510162281382,-0.2407299168989108,-0.3739061707580113,-1.3499238900536805,-0.1222303764695689,0.5530282383612005,-1.8062118058226382,-0.6829800623067998,-0.2829263940843597,-1.2280168289019728,0.12936425327849663,-1.874897551871785,-0.22470272839303376,-0.36065606466715827,-1.1636377140688534,-0.6789905635708029,0.18608044427724346,-0.04206313835709963,-1.074401421278111,-0.6776901835616835
2020-11-02,-0.5936592891250153,-1.6902618329436212,-1.021758662048512,-0.7589360844935994,-0.1707050574725033,-0.6978504554364482,-1.4629655116529063,-0.07524019746050276,0.7719558257622197,-1.7289268695180846,-0.707667725507655,-0.32061512506185186,-0.7631206862494209,0.2671345064863975,-2.0937490866285886,0.05824363602536403,-0.22960679641305412,-1.1590737374957698,-0.40606620203529864,0.21319374008149633,-0.21677678698056851,-0.9277732106416037,-0.87320083113802
2020-11-03,-0.5110093804155986,-1.7597399261496585,-1.0544810507564248,-0.5778631256861995,-0.1680683608423296,-0.6915689071071695,-1.4778077443430848,-0.04907911666743363,0.7943370176940074,-1.3974090566076853,-0.8639070914561099,-0.12609214221824352,-0.7084589527715994,0.3615271474902902,-1.6576337838095951,0.0988368267869407,-0.2103102814771442,-1.0167472241735962,1.1555236716184123,0.4806833538188903,-0.005683830933344902,-0.8946052043206005,-0.7587450540516514
2020-11-04,-0.4474549356934398,-0.4112409667129586,-0.2830860843049845,-0.2073013149449987,-0.05154032955140524,-0.05005376079447637,-1.1628453199092406,0.0038434560931602697,0.2526211888016229,-1.05939798628542,-0.5817841792350168,2.577476889114444e-05,-0.2511975813436278,0.74961454292071,-1.5334342253542887,0.035781423054740594,-0.30376193766830023,-0.3357355157774952,1.2830804927773503,0.2328911938309618,-0.3293920607623346,-0.7128079273631998,-0.8217847781849074
2020-11-05,-0.4006991569144246,-0.8204299434582492,-0.09317299677171753,-0.555453969802242,0.024031359782704972,0.1333742158099532,-1.0860716253855032,0.031560330816889186,0.5359034693309382,-1.0980539315214164,-0.5091037720799027,0.09468886143105593,-0.46852827711749717,0.5434836069776681,-1.1708450216158588,0.19793342919889534,-0.07377524151397936,-0.08808665311054553,1.3423227030212215,0.291212620834395,0.15736393928180134,-0.9202319551700536,-0.9032577765540758
2020-11-06,-0.53079289603688,-1.1765215984814217,-0.1872669548145218,-0.752690406940471,-0.07705349804301115,0.15880535400224505,-0.835176743712247,-0.11935357966867693,0.23335182001209295,-1.0827750557055813,-0.002840558630680265,0.062040485805633476,-0.23977756690380458,0.6692250763286671,-1.204869892746878,0.25233096028981367,-0.13921113070640473,-0.11979486742788326,1.4742675293416312,0.06795000965424369,0.1469553701600762,-0.8326323431309375,-0.9940253159601661
2020-11-09,-0.31075866798990726,-1.2563767532999406,-0.6495380778640871,-0.6802419537168355,0.3938994241694532,-0.3185858766927689,-0.729061403176225,0.6100857977121131,0.6186509333447825,-0.48666154027091757,-0.33487607480730236,1.180870784982618,-0.4287198357736472,0.6106566016760158,-1.7939575085873884,0.4961914934260331,0.10811854384629861,-0.2860976007808268,1.3578215652345769,0.4365298475697397,0.4391230396322725,-0.6886027117773544,-0.8699998337813968
2020-11-10,-0.21582504367982439,-0.9376757506214034,-0.6197811579435022,-0.5337202803549239,0.6372352618970984,-0.697225724103544,-1.2407267486376365,0.8688014889358374,0.5767767452604406,-0.3306984907445559,-0.5670717544040241,0.6941154907569274,-0.911928883015027,0.7076189684543459,-1.9337402059241837,0.5690440410817351,0.022757785034893042,-0.6829213711199491,1.2598877749220196,0.7907759366794321,0.29334734157793324,-0.85595084972624,-0.8611539384063792
2020-11-11,-0.14920541941141943,-0.8321832773474538,-0.4834128618482631,-0.5436759418184607,0.5767250694611402,-0.5247952588549185,-1.0451502720520658,0.7711293948981671,0.5018395766628492,-0.30493332453984107,-0.4381435010731557,0.8440909524537514,-0.7797597670641365,0.8018283346543393,-1.8882170604477948,0.6686613197167954,-0.0657791404520437,-0.7567193427834227,1.5776303923797175,0.7677366263461084,0.4799382406446211,-0.8037199817035968,-0.7717731885400072
2020-11-12,-0.20837078100105177,-1.0074879807234136,-0.3732354851152963,-0.6225480973383971,0.4098433624533213,-0.3969625997980278,-0.9539885359968887,0.534149856831952,0.4592736338314426,-0.28753318396409977,-0.49108100405998356,0.8460420923718597,-0.8973144628217589,0.6577601690475378,-1.694905296080971,0.48389437705351646,-0.15305313512130578,-0.7393728137347266,1.6644213725517858,0.9608128835600062,0.1437049584169999,-0.6015917803711534,-0.8348645797238015
2020-11-13,-0.21400172672090825,-0.8829439691175871,-0.20435992415194404,-0.3497255459432561,0.6791697685485192,-0.5106909511041255,-0.9648102452041045,0.7637617968377217,0.5710381742964282,-0.11201950158040325,-0.6250770247606561,1.311036652705221,-0.8270688348059614,0.8362520964687274,-1.8537204622930268,0.5583989590321727,0.12845599836071464,-0.6599837715211975,1.8769685808276595,0.8479428419387391,0.09936209110224868,-0.5282090955451682,-0.76945744015928
